1,-1
2,0
3,0
4,-1
5,-2
6,-3
7,-2
8,-1
9,0
10,-1
11,0
12,-1
13,0
14,-1
15,-2
16,-3
17,-3
18,-4
19,-5
20,-6
21,-5
22,-5
23,-4
24,-5
25,-6
26,-5
27,-6
28,-5
29,-6
30,-6
31,-5
32,-4
33,-3
34,-2
35,-3
36,-2
37,-2
38,-3
39,-2
40,-3
41,-4
42,-5
43,-5
44,-6
45,-5
46,-4
47,-3
48,-4
49,-3
50,-4
51,-3
52,-3
53,-4
54,-5
55,-6
56,-7
57,-8
58,-7
59,-7
60,-8
61,-7
62,-6
63,-5
64,-4
65,-3
66,-4
67,-3
68,-4
69,-4
70,-5
71,-5
72,-4
73,-5
74,-5
75,-5
76,-6
77,-7
78,-8
79,-9
80,-8
81,-8
82,-9
83,-10
84,-11
85,-10
86,-11
87,-11
88,-10
89,-11
90,-12
91,-13
92,-14
93,-13
94,-14
95,-15
96,-14
97,-15
98,-14
99,-15
100,-14
101,-15
102,-16
103,-17
104,-18
105,-19
106,-20
107,-21
108,-20
109,-19
110,-18
111,-19
112,-19
113,-20
114,-21
115,-20
116,-19
117,-18
118,-18
119,-17
120,-16
121,-17
122,-16
123,-15
124,-14
125,-14
126,-13
127,-13
128,-14
129,-15
130,-14
131,-13
132,-12
133,-12
134,-13
135,-12
136,-13
137,-14
138,-13
139,-12
140,-11
141,-10
142,-11
143,-12
144,-13
145,-12
146,-13
147,-14
148,-13
149,-14
150,-13
151,-14
152,-15
153,-14
154,-14
155,-13
156,-12
157,-13
158,-13
159,-14
160,-13
161,-12
162,-13
163,-12
164,-13
165,-12
166,-11
167,-10
168,-11
169,-12
170,-13
171,-12
172,-11
173,-12
174,-13
175,-12
176,-13
177,-12
178,-11
179,-10
180,-11
181,-10
182,-9
183,-8
184,-8
185,-7
186,-8
187,-9
188,-8
189,-8
190,-8
191,-9
192,-10
193,-11
194,-12
195,-11
196,-10
197,-9
198,-8
199,-9
200,-10
201,-9
202,-10
203,-9
204,-10
205,-9
206,-8
207,-9
208,-8
209,-9
210,-8
211,-9
212,-8
213,-9
214,-10
215,-9
216,-8
217,-9
218,-8
219,-9
220,-8
221,-7
222,-6
223,-7
224,-8
225,-9
226,-8
227,-7
228,-6
229,-5
230,-6
231,-5
232,-4
233,-4
234,-5
235,-5
236,-4
237,-4
238,-5
239,-4
240,-5
241,-4
242,-5
243,-4
244,-3
245,-4
246,-3
247,-2
248,-3
249,-2
250,-1
251,-2
252,-1
253,0
254,-1
255,0
256,-1
257,0
258,1
259,0
260,1
261,0
262,0
263,-1
264,0
265,1
266,2
267,3
268,4
269,5
270,4
271,5
272,5
273,6
274,5
275,6
276,5
277,5
278,6
279,7
280,6
281,6
282,7
283,6
284,7
285,8
286,7
287,6
288,7
289,7
290,7
291,6
292,5
293,4
294,5
295,6
296,5
297,4
298,3
299,4
300,3
301,4
302,3
303,4
304,5
305,6
306,7
307,8
308,8
309,7
310,7
311,6
312,7
313,8
314,7
315,7
316,8
317,9
318,10
319,11
320,12
321,11
322,11
323,10
324,9
325,10
326,9
327,10
328,11
329,10
330,9
331,10
332,11
333,12
334,12
335,13
336,13
337,12
338,13
339,12
340,13
341,12
342,13
343,12
344,11
345,12
346,13
347,14
348,15
349,16
350,15
351,15
352,14
353,15
354,14
355,14
356,15
357,16
358,17
359,16
360,17
361,16
362,17
363,16
364,17
365,18
366,19
367,20
368,21
369,20
370,21
371,22
372,22
373,21
374,20
375,19
376,18
377,19
378,18
379,19
380,18
381,17
382,18
383,17
384,16
385,17
386,16
387,17
388,17
389,16
390,17
391,17
392,16
393,15
394,14
395,13
396,14
397,15
398,14
399,14
400,13
401,14
402,15
403,16
404,15
405,14
406,15
407,16
408,17
409,17
410,17
411,18
412,17
413,16
414,17
415,18
416,17
417,17
418,16
419,15
420,14
421,15
422,16
423,15
424,16
425,16
426,17
427,18
428,17
429,18
430,17
431,18
432,17
433,18
434,18
435,17
436,16
437,17
438,16
439,16
440,15
441,16
442,17
443,16
444,15
445,15
446,16
447,15
448,16
449,17
450,16
451,15
452,14
453,15
454,16
455,17
456,17
457,16
458,17
459,16
460,16
461,15
462,16
463,17
464,16
465,17
466,16
467,17
468,16
469,15
470,14
471,13
472,14
473,14
474,13
475,12
476,11
477,10
478,9
479,10
480,9
481,9
482,8
483,8
484,9
485,8
486,9
487,8
488,8
489,7
490,8
491,7
492,8
493,7
494,6
495,5
496,6
497,7
498,6
499,7
500,6
501,5
502,4
503,3
504,2
505,3
506,4
507,5
508,6
509,5
510,6
511,7
512,8
513,7
514,8
515,9
516,8
517,8
518,8
519,9
520,8
521,7
522,6
523,7
524,6
525,7
526,6
527,6
528,7
529,7
530,7
531,6
532,6
533,5
534,6
535,7
536,6
537,7
538,7
539,8
540,9
541,8
542,7
543,8
544,9
545,10
546,9
547,8
548,7
549,7
550,8
551,9
552,8
553,7
554,8
555,8
556,9
557,10
558,10
559,11
560,12
561,13
562,14
563,15
564,15
565,14
566,13
567,14
568,15
569,14
570,15
571,16
572,17
573,18
574,17
575,16
576,15
577,16
578,17
579,17
580,17
581,18
582,19
583,18
584,17
585,16
586,17
587,16
588,15
589,15
590,15
591,16
592,17
593,17
594,18
595,17
596,18
597,19
598,20
599,21
600,22
601,21
602,20
603,21
604,22
605,22
606,23
607,24
608,25
609,24
610,23
611,22
612,23
613,23
614,24
615,25
616,24
617,23
618,24
619,25
620,26
621,25
622,24
623,25
624,24
625,24
626,23
627,24
628,25
629,25
630,26
631,27
632,27
633,28
634,29
635,30
636,31
637,32
638,33
639,33
640,34
641,33
642,32
643,32
644,31
645,30
646,31
647,32
648,31
649,30
650,31
651,30
652,29
653,28
654,27
655,26
656,25
657,24
658,23
659,24
660,25
661,24
662,25
663,26
664,27
665,28
666,27
667,28
668,28
669,27
670,28
671,29
672,28
673,27
674,26
675,27
676,26
677,25
678,26
679,26
680,25
681,26
682,27
683,26
684,27
685,27
686,27
687,26
688,25
689,26
690,27
691,26
692,25
693,24
694,24
695,23
696,24
697,23
698,22
699,22
700,22
701,22
702,23
703,23
704,22
705,23
706,22
707,21
708,22
709,23
710,24
711,25
712,25
713,25
714,26
715,25
716,26
717,25
718,26
719,27
720,28
721,28
722,29
723,28
724,29
725,29
726,29
727,30
728,31
729,30
730,31
731,30
732,31
733,32
734,33
735,34
736,33
737,32
738,31
739,30
740,31
741,32
742,31
743,32
744,33
745,34
746,34
747,35
748,34
749,35
750,34
751,33
752,34
753,33
754,34
755,33
756,34
757,33
758,32
759,31
760,30
761,30
762,31
763,30
764,29
765,30
766,29
767,30
768,29
769,28
770,27
771,26
772,26
773,25
774,26
775,26
776,27
777,26
778,25
779,26
780,25
781,25
782,24
783,25
784,26
785,25
786,24
787,23
788,24
789,23
790,23
791,22
792,23
793,24
794,23
795,24
796,23
797,24
798,23
799,24
800,24
801,24
802,23
803,22
804,22
805,23
806,24
807,25
808,24
809,25
810,24
811,25
812,25
813,26
814,25
815,24
816,25
817,26
818,25
819,26
820,25
821,24
822,25
823,24
824,23
825,24
826,25
827,25
828,24
829,25
830,24
831,25
832,26
833,26
834,27
835,26
836,25
837,24
838,23
839,24
840,25
841,26
842,27
843,26
844,25
845,26
846,25
847,26
848,27
849,26
850,27
851,26
852,27
853,26
854,26
855,25
856,24
857,25
858,24
859,25
860,26
861,25
862,24
863,25
864,24
865,23
866,23
867,24
868,25
869,24
870,25
871,24
872,25
873,26
874,27
875,27
876,28
877,27
878,28
879,29
880,30
881,31
882,31
883,32
884,33
885,32
886,33
887,32
888,32
889,31
890,32
891,31
892,32
893,33
894,32
895,33
896,34
897,35
898,36
899,35
900,36
901,37
902,36
903,36
904,35
905,34
906,33
907,34
908,35
909,36
910,37
911,38
912,37
913,38
914,39
915,40
916,41
917,42
918,41
919,42
920,43
921,44
922,45
923,44
924,45
925,44
926,45
927,44
928,44
929,43
930,43
931,44
932,43
933,42
934,42
935,43
936,42
937,43
938,43
939,42
940,41
941,42
942,43
943,42
944,42
945,41
946,40
947,40
948,41
949,42
950,42
951,41
952,40
953,39
954,38
955,38
956,39
957,40
958,39
959,40
960,39
961,40
962,39
963,39
964,38
965,37
966,37
967,36
968,35
969,35
970,34
971,33
972,34
973,35
974,36
975,37
976,38
977,39
978,39
979,40
980,39
981,39
982,38
983,39
984,38
985,39
986,38
987,38
988,39
989,38
990,37
991,36
992,36
993,35
994,35
995,36
996,37
997,38
998,38
999,37
1000,38
1001,39
1002,40
1003,40
1004,40
1005,41
1006,42
1007,41
1008,42
1009,43
1010,42
1011,43
1012,42
1013,42
1014,41
1015,42
1016,43
1017,44
1018,45
1019,44
1020,44
1021,45
1022,45
1023,45
1024,44
1025,45
1026,45
1027,44
1028,45
1029,44
1030,43
1031,44
1032,45
1033,46
1034,47
1035,46
1036,47
1037,48
1038,49
1039,48
1040,49
1041,48
1042,49
1043,48
1044,48
1045,47
1046,46
1047,47
1048,48
1049,47
1050,48
1051,49
1052,50
1053,51
1054,50
1055,50
1056,49
1057,49
1058,49
1059,50
1060,49
1061,50
1062,50
1063,51
1064,52
1065,51
1066,52
1067,52
1068,52
1069,53
1070,53
1071,52
1072,51
1073,50
1074,51
1075,50
1076,51
1077,50
1078,49
1079,50
1080,51
1081,50
1082,50
1083,51
1084,51
1085,51
1086,52
1087,51
1088,50
1089,50
1090,49
1091,48
1092,47
1093,48
1094,49
1095,50
1096,49
1097,50
1098,51
1099,50
1100,51
1101,52
1102,53
1103,54
1104,53
1105,54
1106,53
1107,52
1108,51
1109,52
1110,52
1111,51
1112,52
1113,51
1114,50
1115,51
1116,51
1117,51
1118,52
1119,52
1120,51
1121,52
1122,53
1123,52
1124,51
1125,50
1126,50
1127,51
1128,50
1129,49
1130,48
1131,47
1132,48
1133,48
1134,48
1135,47
1136,48
1137,49
1138,50
1139,51
1140,51
1141,52
1142,51
1143,51
1144,50
1145,51
1146,52
1147,51
1148,51
1149,52
1150,53
1151,54
1152,55
1153,56
1154,55
1155,56
1156,56
1157,55
1158,54
1159,55
1160,56
1161,57
1162,56
1163,55
1164,54
1165,55
1166,54
1167,55
1168,54
1169,54
1170,55
1171,54
1172,53
1173,54
1174,53
1175,53
1176,52
1177,53
1178,54
1179,54
1180,53
1181,52
1182,53
1183,54
1184,55
1185,55
1186,56
1187,56
1188,57
1189,57
1190,56
1191,57
1192,57
1193,57
1194,56
1195,57
1196,57
1197,58
1198,59
1199,58
1200,59
1201,60
1202,61
1203,62
1204,63
1205,64
1206,63
1207,64
1208,65
1209,64
1210,65
1211,65
1212,66
1213,65
1214,65
1215,64
1216,64
1217,63
1218,62
1219,63
1220,62
1221,63
1222,64
1223,63
1224,64
1225,63
1226,64
1227,63
1228,64
1229,64
1230,65
1231,66
1232,67
1233,67
1234,66
1235,65
1236,66
1237,67
1238,68
1239,69
1240,68
1241,67
1242,68
1243,69
1244,68
1245,67
1246,68
1247,67
1248,66
1249,66
1250,65
1251,66
1252,67
1253,66
1254,66
1255,67
1256,68
1257,67
1258,66
1259,67
1260,68
1261,67
1262,66
1263,66
1264,66
1265,65
1266,65
1267,66
1268,66
1269,67
1270,67
1271,66
1272,67
1273,68
1274,69
1275,70
1276,70
1277,69
1278,68
1279,67
1280,68
1281,69
1282,70
1283,71
1284,72
1285,71
1286,72
1287,71
1288,71
1289,72
1290,72
1291,71
1292,70
1293,69
1294,68
1295,69
1296,70
1297,69
1298,70
1299,71
1300,72
1301,71
1302,72
1303,73
1304,73
1305,73
1306,72
1307,71
1308,70
1309,70
1310,69
1311,70
1312,71
1313,72
1314,73
1315,74
1316,75
1317,74
1318,74
1319,74
1320,73
1321,72
1322,73
1323,72
1324,71
1325,72
1326,72
1327,73
1328,72
1329,71
1330,70
1331,69
1332,70
1333,71
1334,72
1335,73
1336,72
1337,71
1338,72
1339,72
1340,71
1341,72
1342,73
1343,74
1344,73
1345,72
1346,72
1347,73
1348,72
1349,73
1350,74
1351,75
1352,74
1353,75
1354,76
1355,77
1356,76
1357,76
1358,75
1359,76
1360,76
1361,76
1362,76
1363,77
1364,77
1365,78
1366,79
1367,80
1368,81
1369,81
1370,82
1371,81
1372,82
1373,81
1374,80
1375,79
1376,80
1377,81
1378,81
1379,81
1380,80
1381,79
1382,78
1383,79
1384,80
1385,79
1386,80
1387,79
1388,80
1389,81
1390,80
1391,79
1392,80
1393,79
1394,80
1395,79
1396,78
1397,79
1398,78
1399,77
1400,78
1401,79
1402,79
1403,78
1404,79
1405,80
1406,81
1407,82
1408,83
1409,82
1410,81
1411,82
1412,81
1413,81
1414,82
1415,81
1416,80
1417,80
1418,79
1419,79
1420,80
1421,80
1422,81
1423,82
1424,83
1425,82
1426,83
1427,84
1428,85
1429,84
1430,83
1431,82
1432,83
1433,82
1434,83
1435,82
1436,82
1437,83
1438,84
1439,84
1440,83
1441,84
1442,85
1443,86
1444,86
1445,87
1446,87
1447,88
1448,87
1449,87
1450,86
1451,87
1452,88
1453,88
1454,89
1455,90
1456,91
1457,92
1458,93
1459,92
1460,91
1461,90
1462,89
1463,89
1464,88
1465,89
1466,90
1467,91
1468,91
1469,90
1470,89
1471,90
1472,91
1473,90
1474,89
1475,88
1476,87
1477,86
1478,87
1479,88
1480,89
1481,88
1482,88
1483,87
1484,88
1485,89
1486,90
1487,91
1488,91
1489,90
1490,91
1491,92
1492,91
1493,92
1494,93
1495,94
1496,93
1497,92
1498,93
1499,94
1500,95
1501,94
1502,93
1503,92
1504,92
1505,91
1506,92
1507,91
1508,92
1509,93
1510,93
1511,94
1512,95
1513,94
1514,93
1515,92
1516,93
1517,94
1518,93
1519,93
1520,94
1521,94
1522,93
1523,94
1524,93
1525,92
1526,91
1527,90
1528,90
1529,91
1530,91
1531,91
1532,92
1533,93
1534,94
1535,93
1536,92
1537,93
1538,94
1539,94
1540,94
1541,93
1542,92
1543,93
1544,94
1545,93
1546,92
1547,93
1548,93
1549,94
1550,94
1551,95
1552,95
1553,96
1554,97
1555,98
1556,97
1557,97
1558,96
1559,97
1560,96
1561,95
1562,96
1563,97
1564,98
1565,98
1566,98
1567,99
1568,98
1569,97
1570,98
1571,97
1572,96
1573,95
1574,96
1575,97
1576,98
1577,97
1578,98
1579,99
1580,100
1581,101
1582,100
1583,99
1584,98
1585,97
1586,98
1587,99
1588,100
1589,99
1590,100
1591,101
1592,102
1593,103
1594,102
1595,103
1596,102
1597,103
1598,102
1599,101
1600,100
1601,99
1602,100
1603,101
1604,102
1605,103
1606,102
1607,101
1608,102
1609,103
1610,104
1611,105
1612,105
1613,104
1614,103
1615,102
1616,103
1617,102
1618,103
1619,104
1620,105
1621,106
1622,105
1623,104
1624,105
1625,106
1626,105
1627,104
1628,103
1629,103
1630,102
1631,103
1632,102
1633,102
1634,102
1635,103
1636,102
1637,101
1638,102
1639,101
1640,100
1641,101
1642,102
1643,102
1644,101
1645,102
1646,101
1647,102
1648,103
1649,104
1650,105
1651,106
1652,107
1653,107
1654,108
1655,109
1656,110
1657,111
1658,110
1659,111
1660,112
1661,113
1662,114
1663,115
1664,116
1665,117
1666,118
1667,119
1668,118
1669,119
1670,118
1671,119
1672,118
1673,118
1674,119
1675,118
1676,117
1677,116
1678,117
1679,118
1680,119
1681,119
1682,120
1683,121
1684,122
1685,123
1686,122
1687,121
1688,120
1689,119
1690,119
1691,120
1692,121
1693,120
1694,121
1695,120
1696,120
1697,119
1698,118
1699,119
1700,118
1701,119
1702,118
1703,119
1704,118
1705,119
1706,118
1707,119
1708,120
1709,119
1710,118
1711,119
1712,118
1713,117
1714,118
1715,119
1716,118
1717,119
1718,118
1719,119
1720,120
1721,120
1722,121
1723,122
1724,123
1725,122
1726,121
1727,121
1728,120
1729,121
1730,122
1731,121
1732,122
1733,121
1734,120
1735,121
1736,120
1737,119
1738,120
1739,119
1740,118
1741,119
1742,119
1743,118
1744,117
1745,118
1746,117
1747,118
1748,118
1749,119
1750,119
1751,118
1752,117
1753,116
1754,115
1755,114
1756,115
1757,116
1758,117
1759,117
1760,117
1761,118
1762,119
1763,120
1764,119
1765,118
1766,117
1767,118
1768,118
1769,117
1770,117
1771,118
1772,119
1773,120
1774,119
1775,120
1776,120
1777,121
1778,122
1779,123
1780,123
1781,124
1782,123
1783,122
1784,123
1785,122
1786,122
1787,121
1788,122
1789,123
1790,124
1791,123
1792,122
1793,123
1794,124
1795,124
1796,125
1797,124
1798,125
1799,126
1800,126
1801,125
1802,126
1803,126
1804,127
1805,126
1806,127
1807,128
1808,128
1809,127
1810,128
1811,128
1812,129
1813,128
1814,127
1815,128
1816,127
1817,126
1818,127
1819,128
1820,127
1821,128
1822,129
1823,128
1824,129
1825,130
1826,131
1827,130
1828,131
1829,131
1830,131
1831,132
1832,133
1833,132
1834,133
1835,134
1836,133
1837,134
1838,133
1839,134
1840,135
1841,135
1842,135
1843,136
1844,135
1845,136
1846,137
1847,138
1848,138
1849,139
1850,140
1851,139
1852,138
1853,139
1854,138
1855,139
1856,140
1857,139
1858,140
1859,139
1860,140
1861,141
1862,142
1863,143
1864,144
1865,144
1866,145
1867,144
1868,144
1869,145
1870,146
1871,147
1872,148
1873,147
1874,148
1875,149
1876,148
1877,149
1878,148
1879,147
1880,148
1881,149
1882,150
1883,151
1884,150
1885,149
1886,150
1887,151
1888,152
1889,153
1890,152
1891,153
1892,152
1893,151
1894,152
1895,151
1896,152
1897,153
1898,152
1899,153
1900,153
1901,154
1902,153
1903,153
1904,154
1905,155
1906,156
1907,157
1908,158
1909,159
1910,160
1911,161
1912,162
1913,161
1914,162
1915,161
1916,161
1917,162
1918,163
1919,164
1920,165
1921,166
1922,166
1923,166
1924,165
1925,166
1926,165
1927,166
1928,167
1929,167
1930,166
1931,167
1932,166
1933,165
1934,164
1935,165
1936,166
1937,166
1938,166
1939,167
1940,166
1941,167
1942,168
1943,169
1944,168
1945,169
1946,168
1947,169
1948,168
1949,167
1950,168
1951,169
1952,170
1953,171
1954,170
1955,171
1956,172
1957,172
1958,171
1959,170
1960,169
1961,170
1962,169
1963,170
1964,170
1965,171
1966,170
1967,169
1968,170
1969,169
1970,168
1971,167
1972,168
1973,168
1974,168
1975,167
1976,168
1977,169
1978,169
1979,170
1980,171
1981,172
1982,172
1983,173
1984,174
1985,174
1986,174
1987,173
1988,174
1989,175
1990,174
1991,175
1992,174
1993,175
1994,176
1995,175
1996,174
1997,175
1998,174
1999,175
2000,175
2001,176
2002,177
2003,177
2004,178
2005,178
2006,177
2007,178
2008,177
2009,177
2010,176
2011,177
2012,178
2013,179
2014,179
2015,180
2016,180
2017,181
2018,182
2019,181
2020,182
2021,181
2022,182
2023,183
2024,184
2025,185
2026,186
2027,186
2028,187
2029,188
2030,187
2031,188
2032,187
2033,186
2034,187
2035,186
2036,187
2037,188
2038,189
2039,190
2040,189
2041,188
2042,188
2043,187
2044,186
2045,185
2046,185
2047,186
2048,187
2049,188
2050,187
2051,188
2052,189
2053,190
2054,191
2055,192
2056,191
2057,190
2058,189
2059,189
2060,189
2061,190
2062,189
2063,188
2064,189
2065,190
2066,191
2067,190
2068,189
2069,188
2070,187
2071,188
2072,188
2073,187
2074,188
2075,189
2076,188
2077,188
2078,189
2079,190
2080,189
2081,188
2082,187
2083,187
2084,186
2085,185
2086,186
2087,187
2088,186
2089,185
2090,186
2091,185
2092,186
2093,185
2094,186
2095,187
2096,188
2097,188
2098,188
2099,189
2100,190
2101,191
2102,192
2103,193
2104,192
2105,191
2106,191
2107,190
2108,189
2109,190
2110,189
2111,188
2112,187
2113,186
2114,185
2115,184
2116,183
2117,184
2118,183
2119,183
2120,184
2121,184
2122,185
2123,186
2124,187
2125,188
2126,188
2127,189
2128,189
2129,188
2130,187
2131,186
2132,187
2133,188
2134,189
2135,190
2136,191
2137,192
2138,191
2139,192
2140,193
2141,194
2142,193
2143,192
2144,193
2145,192
2146,192
2147,193
2148,192
2149,193
2150,194
2151,195
2152,196
2153,197
2154,198
2155,197
2156,198
2157,199
2158,198
2159,197
2160,198
2161,199
2162,200
2163,201
2164,200
2165,201
2166,201
2167,202
2168,202
2169,203
2170,202
2171,201
2172,201
2173,200
2174,199
2175,198
2176,197
2177,198
2178,199
2179,200
2180,200
2181,201
2182,202
2183,201
2184,201
2185,200
2186,199
2187,198
2188,198
2189,199
2190,198
2191,197
2192,198
2193,199
2194,199
2195,200
2196,199
2197,198
2198,199
2199,200
2200,199
2201,200
2202,201
2203,202
2204,203
2205,203
2206,204
2207,205
2208,206
2209,207
2210,207
2211,207
2212,208
2213,209
2214,210
2215,210
2216,211
2217,212
2218,211
2219,212
2220,211
2221,210
2222,211
2223,212
2224,211
2225,210
2226,209
2227,210
2228,211
2229,212
2230,211
2231,210
2232,210
2233,211
2234,211
2235,210
2236,209
2237,208
2238,209
2239,208
2240,209
2241,210
2242,209
2243,210
2244,211
2245,211
2246,210
2247,211
2248,210
2249,211
2250,212
2251,213
2252,214
2253,214
2254,213
2255,213
2256,212
2257,211
2258,210
2259,211
2260,210
2261,210
2262,211
2263,212
2264,213
2265,212
2266,213
2267,212
2268,213
2269,214
2270,214
2271,213
2272,213
2273,213
2274,214
2275,215
2276,214
2277,214
2278,213
2279,214
2280,213
2281,214
2282,215
2283,216
2284,215
2285,216
2286,217
2287,218
2288,219
2289,220
2290,219
2291,220
2292,219
2293,220
2294,219
2295,220
2296,221
2297,220
2298,221
2299,220
2300,220
2301,219
2302,220
2303,221
2304,222
2305,221
2306,222
2307,223
2308,224
2309,225
2310,225
2311,225
2312,224
2313,225
2314,224
2315,223
2316,224
2317,224
2318,225
2319,226
2320,226
2321,225
2322,224
2323,225
2324,226
2325,225
2326,225
2327,226
2328,225
2329,224
2330,223
2331,224
2332,225
2333,226
2334,227
2335,228
2336,227
2337,227
2338,228
2339,227
2340,226
2341,227
2342,226
2343,227
2344,228
2345,227
2346,227
2347,228
2348,229
2349,229
2350,230
2351,231
2352,232
2353,231
2354,232
2355,231
2356,231
2357,232
2358,233
2359,233
2360,233
2361,234
2362,235
2363,236
2364,237
2365,238
2366,239
2367,239
2368,238
2369,239
2370,240
2371,239
2372,240
2373,241
2374,242
2375,243
2376,243
2377,243
2378,244
2379,245
2380,244
2381,245
2382,246
2383,247
2384,247
2385,247
2386,248
2387,249
2388,250
2389,249
2390,250
2391,251
2392,252
2393,252
2394,251
2395,252
2396,253
2397,254
2398,254
2399,254
2400,255
2401,256
2402,255
2403,256
2404,255
2405,256
2406,255
2407,256
2408,257
2409,258
2410,257
2411,258
2412,258
2413,259
2414,260
2415,259
2416,260
2417,259
2418,258
2419,259
2420,260
2421,259
2422,260
2423,261
2424,262
2425,261
2426,262
2427,261
2428,262
2429,263
2430,262
2431,263
2432,263
2433,262
2434,263
2435,264
2436,264
2437,265
2438,266
2439,267
2440,266
2441,265
2442,266
2443,267
2444,268
2445,267
2446,268
2447,268
2448,269
2449,270
2450,269
2451,270
2452,271
2453,270
2454,271
2455,272
2456,271
2457,271
2458,270
2459,269
2460,270
2461,269
2462,268
2463,267
2464,268
2465,268
2466,269
2467,268
2468,268
2469,269
2470,270
2471,271
2472,272
2473,273
2474,273
2475,274
2476,275
2477,276
2478,275
2479,274
2480,274
2481,275
2482,276
2483,277
2484,277
2485,277
2486,278
2487,279
2488,280
2489,279
2490,278
2491,277
2492,278
2493,277
2494,276
2495,277
2496,276
2497,275
2498,276
2499,275
2500,276
2501,277
2502,278
2503,277
2504,278
2505,279
2506,278
2507,279
2508,280
2509,279
2510,280
2511,281
2512,282
2513,283
2514,284
2515,283
2516,283
2517,284
2518,285
2519,286
2520,287
2521,288
2522,287
2523,286
2524,287
2525,286
2526,287
2527,286
2528,285
2529,286
2530,287
2531,287
2532,286
2533,287
2534,288
2535,289
2536,290
2537,289
2538,290
2539,291
2540,291
2541,290
2542,290
2543,289
2544,288
2545,289
2546,288
2547,287
2548,286
2549,285
2550,286
2551,287
2552,286
2553,285
2554,284
2555,285
2556,286
2557,287
2558,286
2559,287
2560,286
2561,286
2562,287
2563,287
2564,287
2565,287
2566,288
2567,287
2568,288
2569,287
2570,286
2571,287
2572,286
2573,287
2574,288
2575,288
2576,287
2577,286
2578,286
2579,286
2580,287
2581,288
2582,287
2583,288
2584,287
2585,286
2586,287
2587,288
2588,289
2589,288
2590,287
2591,286
2592,286
2593,286
2594,287
2595,286
2596,287
2597,288
2598,289
2599,289
2600,290
2601,290
2602,291
2603,292
2604,293
2605,293
2606,292
2607,293
2608,293
2609,294
2610,294
2611,295
2612,294
2613,295
2614,296
2615,297
2616,298
2617,297
2618,298
2619,299
2620,300
2621,301
2622,302
2623,301
2624,300
2625,300
2626,299
2627,300
2628,299
2629,298
2630,297
2631,298
2632,298
2633,298
2634,298
2635,297
2636,297
2637,296
2638,297
2639,298
2640,299
2641,300
2642,299
2643,300
2644,300
2645,301
2646,302
2647,303
2648,304
2649,305
2650,304
2651,305
2652,305
2653,304
2654,305
2655,306
2656,306
2657,307
2658,308
2659,309
2660,310
2661,311
2662,312
2663,313
2664,314
2665,315
2666,316
2667,317
2668,318
2669,319
2670,320
2671,319
2672,319
2673,320
2674,319
2675,320
2676,319
2677,320
2678,320
2679,321
2680,322
2681,323
2682,324
2683,324
2684,323
2685,323
2686,322
2687,323
2688,323
2689,324
2690,325
2691,326
2692,327
2693,328
2694,329
2695,328
2696,329
2697,330
2698,331
2699,331
2700,332
2701,331
2702,332
2703,331
2704,332
2705,333
2706,334
2707,335
2708,335
2709,334
2710,333
2711,334
2712,333
2713,334
2714,335
2715,336
2716,337
2717,338
2718,339
2719,340
2720,341
2721,340
2722,341
2723,342
2724,343
2725,342
2726,341
2727,342
2728,343
2729,342
2730,343
2731,344
2732,344
2733,345
2734,346
2735,345
2736,346
2737,345
2738,346
2739,347
2740,348
2741,347
2742,348
2743,347
2744,346
2745,345
2746,344
2747,343
2748,344
2749,345
2750,344
2751,344
2752,345
2753,344
2754,345
2755,346
2756,347
2757,347
2758,348
2759,348
2760,349
2761,348
2762,349
2763,348
2764,349
2765,350
2766,349
2767,350
2768,351
2769,350
2770,351
2771,350
2772,351
2773,351
2774,352
2775,353
2776,352
2777,353
2778,352
2779,353
2780,353
2781,354
2782,355
2783,356
2784,357
2785,357
2786,358
2787,359
2788,359
2789,360
2790,361
2791,362
2792,363
2793,364
2794,365
2795,366
2796,367
2797,367
2798,368
2799,369
2800,369
2801,370
2802,371
2803,370
2804,371
2805,370
2806,371
2807,372
2808,373
2809,372
2810,373
2811,374
2812,374
2813,375
2814,376
2815,377
2816,378
2817,377
2818,378
2819,379
2820,380
2821,381
2822,381
2823,380
2824,381
2825,381
2826,380
2827,381
2828,381
2829,382
2830,383
2831,384
2832,383
2833,384
2834,383
2835,384
2836,385
2837,384
2838,385
2839,384
2840,383
2841,384
2842,385
2843,386
2844,387
2845,388
2846,389
2847,390
2848,391
2849,392
2850,392
2851,391
2852,392
2853,393
2854,392
2855,393
2856,394
2857,394
2858,395
2859,396
2860,397
2861,398
2862,399
2863,398
2864,399
2865,400
2866,399
2867,398
2868,399
2869,400
2870,399
2871,400
2872,401
2873,400
2874,401
2875,402
2876,401
2877,401
2878,400
2879,400
2880,401
2881,402
2882,401
2883,402
2884,403
2885,404
2886,403
2887,402
2888,401
2889,401
2890,400
2891,400
2892,399
2893,399
2894,398
2895,399
2896,400
2897,401
2898,402
2899,401
2900,400
2901,401
2902,402
2903,403
2904,404
2905,405
2906,404
2907,405
2908,406
2909,407
2910,407
2911,406
2912,405
2913,404
2914,405
2915,405
2916,404
2917,405
2918,406
2919,405
2920,405
2921,406
2922,405
2923,406
2924,406
2925,405
2926,406
2927,407
2928,408
2929,407
2930,407
2931,406
2932,407
2933,406
2934,405
2935,406
2936,407
2937,408
2938,407
2939,407
2940,408
2941,408
2942,407
2943,407
2944,408
2945,409
2946,409
2947,408
2948,409
2949,408
2950,409
2951,410
2952,409
2953,408
2954,409
2955,409
2956,408
2957,409
2958,408
2959,409
2960,408
2961,407
2962,408
2963,408
2964,409
2965,410
2966,411
2967,412
2968,413
2969,414
2970,413
2971,412
2972,411
2973,412
2974,411
2975,410
2976,409
2977,410
2978,411
2979,411
2980,410
2981,411
2982,412
2983,413
2984,413
2985,414
2986,413
2987,413
2988,414
2989,414
2990,413
2991,412
2992,411
2993,412
2994,411
2995,412
2996,411
2997,412
2998,413
2999,412
3000,413
3001,414
3002,414
3003,414
3004,415
3005,414
3006,413
3007,413
3008,414
3009,415
3010,414
3011,415
3012,416
3013,417
3014,418
3015,419
3016,420
3017,420
3018,419
3019,420
3020,419
3021,418
3022,417
3023,417
3024,416
3025,417
3026,416
3027,415
3028,416
3029,417
3030,418
3031,419
3032,420
3033,420
3034,421
3035,420
3036,421
3037,422
3038,421
3039,422
3040,422
3041,423
3042,422
3043,423
3044,423
3045,424
3046,425
3047,426
3048,427
3049,426
3050,426
3051,427
3052,428
3053,427
3054,428
3055,427
3056,428
3057,429
3058,428
3059,427
3060,426
3061,425
3062,424
3063,423
3064,424
3065,425
3066,424
3067,424
3068,425
3069,424
3070,425
3071,426
3072,425
3073,424
3074,423
3075,424
3076,425
3077,426
3078,425
3079,424
3080,423
3081,424
3082,424
3083,424
3084,425
3085,426
3086,426
3087,427
3088,427
3089,428
3090,429
3091,428
3092,427
3093,428
3094,429
3095,428
3096,428
3097,429
3098,428
3099,429
3100,430
3101,431
3102,430
3103,430
3104,431
3105,430
3106,429
3107,428
3108,427
3109,426
3110,427
3111,428
3112,427
3113,426
3114,425
3115,426
3116,425
3117,424
3118,425
3119,426
3120,427
3121,428
3122,427
3123,428
3124,427
3125,428
3126,429
3127,430
3128,429
3129,428
3130,429
3131,429
3132,428
3133,427
3134,428
3135,428
3136,427
3137,428
3138,429
3139,428
3140,429
3141,429
3142,428
3143,427
3144,428
3145,428
3146,428
3147,427
3148,428
3149,428
3150,429
3151,430
3152,430
3153,431
3154,430
3155,431
3156,430
3157,431
3158,432
3159,433
3160,434
3161,434
3162,435
3163,436
3164,437
3165,437
3166,437
3167,438
3168,439
3169,440
3170,439
3171,440
3172,440
3173,441
3174,442
3175,443
3176,444
3177,443
3178,442
3179,443
3180,442
3181,441
3182,440
3183,439
3184,440
3185,439
3186,440
3187,440
3188,439
3189,438
3190,439
3191,438
3192,439
3193,440
3194,439
3195,440
3196,439
3197,440
3198,441
3199,440
3200,441
3201,441
3202,441
3203,442
3204,443
3205,442
3206,442
3207,441
3208,442
3209,441
3210,442
3211,441
3212,440
3213,441
3214,440
3215,439
3216,439
3217,440
3218,441
3219,442
3220,441
3221,442
3222,441
3223,440
3224,439
3225,438
3226,439
3227,438
3228,439
3229,440
3230,439
3231,440
3232,441
3233,442
3234,443
3235,443
3236,442
3237,443
3238,443
3239,444
3240,443
3241,444
3242,443
3243,444
3244,443
3245,442
3246,441
3247,442
3248,442
3249,443
3250,444
3251,445
3252,446
3253,445
3254,446
3255,446
3256,446
3257,445
3258,446
3259,447
3260,446
3261,445
3262,444
3263,443
3264,444
3265,443
3266,444
3267,445
3268,445
3269,444
3270,445
3271,446
3272,445
3273,446
3274,447
3275,446
3276,447
3277,446
3278,447
3279,448
3280,449
3281,448
3282,449
3283,450
3284,449
3285,450
3286,451
3287,450
3288,451
3289,450
3290,451
3291,452
3292,453
3293,452
3294,451
3295,451
3296,452
3297,451
3298,452
3299,453
3300,452
3301,453
3302,454
3303,453
3304,454
3305,454
3306,454
3307,454
3308,453
3309,454
3310,455
3311,456
3312,457
3313,458
3314,459
3315,460
3316,459
3317,460
3318,460
3319,461
3320,462
3321,462
3322,463
3323,462
3324,463
3325,463
3326,464
3327,464
3328,464
3329,465
3330,464
3331,465
3332,466
3333,467
3334,468
3335,469
3336,468
3337,467
3338,466
3339,467
3340,468
3341,468
3342,469
3343,470
3344,471
3345,472
3346,473
3347,473
3348,474
3349,475
3350,476
3351,475
3352,476
3353,475
3354,475
3355,476
3356,477
3357,478
3358,479
3359,479
3360,480
3361,480
3362,481
3363,480
3364,481
3365,480
3366,481
3367,482
3368,482
3369,482
3370,481
3371,482
3372,483
3373,484
3374,484
3375,485
3376,486
3377,487
3378,486
3379,487
3380,486
3381,487
3382,487
3383,488
3384,489
3385,488
3386,489
3387,488
3388,488
3389,489
3390,488
3391,488
3392,489
3393,489
3394,488
3395,489
3396,490
3397,491
3398,490
3399,491
3400,492
3401,493
3402,494
3403,495
3404,494
3405,493
3406,494
3407,495
3408,494
3409,495
3410,496
3411,495
3412,496
3413,496
3414,497
3415,498
3416,497
3417,498
3418,499
3419,498
3420,499
3421,500
3422,501
3423,502
3424,503
3425,504
3426,505
3427,506
3428,506
3429,507
3430,506
3431,505
3432,506
3433,506
3434,506
3435,506
3436,505
3437,506
3438,507
3439,508
3440,507
3441,508
3442,507
3443,508
3444,509
3445,510
3446,509
3447,510
3448,510
3449,511
3450,512
3451,511
3452,512
3453,512
3454,513
3455,514
3456,514
3457,515
3458,514
3459,513
3460,514
3461,513
3462,514
3463,515
3464,515
3465,516
3466,515
3467,515
3468,516
3469,516
3470,517
3471,517
3472,518
3473,519
3474,518
3475,519
3476,520
3477,519
3478,520
3479,521
3480,522
3481,523
3482,524
3483,525
3484,524
3485,523
3486,522
3487,521
3488,520
3489,519
3490,519
3491,518
3492,518
3493,517
3494,518
3495,519
3496,518
3497,519
3498,520
3499,521
3500,522
3501,523
3502,524
3503,525
3504,526
3505,527
3506,528
3507,527
3508,528
3509,528
3510,528
3511,529
3512,528
3513,529
3514,528
3515,529
3516,530
3517,529
3518,530
3519,531
3520,532
3521,531
3522,532
3523,533
3524,532
3525,531
3526,532
3527,533
3528,534
3529,535
3530,534
3531,535
3532,536
3533,535
3534,536
3535,535
3536,536
3537,537
3538,538
3539,538
3540,539
3541,540
3542,539
3543,539
3544,540
3545,540
3546,541
3547,542
3548,543
3549,544
3550,543
3551,544
3552,545
3553,546
3554,547
3555,546
3556,545
3557,546
3558,546
3559,546
3560,547
3561,546
3562,545
3563,546
3564,547
3565,547
3566,548
3567,549
3568,550
3569,549
3570,550
3571,550
3572,549
3573,548
3574,549
3575,550
3576,551
3577,552
3578,553
3579,554
3580,555
3581,556
3582,557
3583,557
3584,556
3585,557
3586,558
3587,558
3588,559
3589,560
3590,561
3591,561
3592,562
3593,561
3594,562
3595,563
3596,562
3597,561
3598,562
3599,563
3600,564
3601,565
3602,566
3603,567
3604,568
3605,567
3606,566
3607,565
3608,564
3609,565
3610,566
3611,565
3612,566
3613,565
3614,566
3615,566
3616,567
3617,568
3618,569
3619,570
3620,571
3621,572
3622,571
3623,570
3624,569
3625,568
3626,569
3627,570
3628,569
3629,569
3630,570
3631,571
3632,572
3633,571
3634,572
3635,572
3636,573
3637,574
3638,575
3639,574
3640,575
3641,574
3642,573
3643,574
3644,575
3645,574
3646,573
3647,574
3648,575
3649,574
3650,573
3651,574
3652,574
3653,573
3654,574
3655,573
3656,572
3657,573
3658,572
3659,573
3660,574
3661,573
3662,572
3663,571
3664,571
3665,572
3666,573
3667,574
3668,573
3669,574
3670,575
3671,576
3672,577
3673,578
3674,579
3675,579
3676,580
3677,581
3678,582
3679,581
3680,582
3681,582
3682,583
3683,584
3684,583
3685,582
3686,582
3687,583
3688,582
3689,582
3690,583
3691,583
3692,582
3693,583
3694,582
3695,583
3696,584
3697,584
3698,585
3699,586
3700,587
3701,586
3702,587
3703,586
3704,585
3705,586
3706,587
3707,588
3708,589
3709,590
3710,591
3711,592
3712,591
3713,591
3714,590
3715,591
3716,592
3717,591
3718,592
3719,593
3720,593
3721,592
3722,593
3723,594
3724,593
3725,592
3726,592
3727,591
3728,592
3729,591
3730,590
3731,591
3732,592
3733,591
3734,591
3735,590
3736,590
3737,591
3738,592
3739,591
3740,592
3741,592
3742,593
3743,594
3744,595
3745,596
3746,597
3747,598
3748,599
3749,598
3750,597
3751,598
3752,599
3753,598
3754,599
3755,600
3756,601
3757,600
3758,600
3759,601
3760,600
3761,601
3762,601
3763,602
3764,603
3765,604
3766,604
3767,604
3768,605
3769,606
3770,607
3771,608
3772,609
3773,610
3774,611
3775,610
3776,609
3777,610
3778,610
3779,611
3780,612
3781,613
3782,613
3783,614
3784,615
3785,616
3786,617
3787,616
3788,617
3789,616
3790,617
3791,616
3792,615
3793,616
3794,616
3795,615
3796,615
3797,614
3798,615
3799,616
3800,617
3801,616
3802,617
3803,618
3804,617
3805,618
3806,619
3807,620
3808,619
3809,618
3810,617
3811,616
3812,617
3813,618
3814,617
3815,617
3816,618
3817,619
3818,619
3819,620
3820,619
3821,620
3822,621
3823,622
3824,623
3825,622
3826,622
3827,623
3828,624
3829,623
3830,622
3831,621
3832,622
3833,621
3834,622
3835,623
3836,624
3837,624
3838,625
3839,624
3840,623
3841,622
3842,622
3843,623
3844,624
3845,623
3846,624
3847,623
3848,624
3849,625
3850,626
3851,625
3852,626
3853,625
3854,626
3855,625
3856,624
3857,623
3858,622
3859,621
3860,622
3861,621
3862,620
3863,621
3864,620
3865,619
3866,618
3867,619
3868,618
3869,618
3870,617
3871,618
3872,619
3873,620
3874,621
3875,622
3876,623
3877,623
3878,623
3879,623
3880,622
3881,623
3882,624
3883,625
3884,624
3885,625
3886,624
3887,625
3888,624
3889,625
3890,624
3891,625
3892,626
3893,627
3894,628
3895,629
3896,628
3897,629
3898,629
3899,628
3900,629
3901,629
3902,630
3903,629
3904,630
3905,631
3906,631
3907,631
3908,632
3909,633
3910,634
3911,633
3912,634
3913,634
3914,635
3915,636
3916,637
3917,638
3918,639
3919,638
3920,637
3921,637
3922,638
3923,639
3924,640
3925,641
3926,641
3927,640
3928,641
3929,642
3930,643
3931,644
3932,645
3933,646
3934,645
3935,645
3936,646
3937,647
3938,648
3939,649
3940,650
3941,651
3942,652
3943,653
3944,653
3945,654
3946,655
3947,656
3948,657
3949,656
3950,657
3951,658
3952,659
3953,659
3954,660
3955,661
3956,662
3957,663
3958,662
3959,661
3960,662
3961,663
3962,663
3963,662
3964,663
3965,662
3966,663
3967,663
3968,664
3969,665
3970,664
3971,663
3972,664
3973,663
3974,662
3975,661
3976,661
3977,661
3978,660
3979,659
3980,659
3981,660
3982,660
3983,661
3984,662
3985,662
3986,661
3987,662
3988,661
3989,660
3990,661
3991,662
3992,662
3993,663
3994,663
3995,662
3996,663
3997,664
3998,664
3999,664
4000,665
4001,666
4002,667
4003,666
4004,667
4005,668
4006,669
4007,670
4008,671
4009,670
4010,671
4011,672
4012,673
4013,674
4014,675
4015,676
4016,676
4017,677
4018,676
4019,675
4020,676
4021,677
4022,678
4023,677
4024,678
4025,679
4026,679
4027,680
4028,680
4029,681
4030,682
4031,683
4032,684
4033,683
4034,684
4035,684
4036,685
4037,686
4038,687
4039,688
4040,689
4041,689
4042,690
4043,689
4044,690
4045,689
4046,688
4047,689
4048,688
4049,687
4050,686
4051,685
4052,686
4053,687
4054,687
4055,688
4056,689
4057,690
4058,691
4059,691
4060,692
4061,691
4062,690
4063,691
4064,691
4065,692
4066,691
4067,692
4068,691
4069,692
4070,691
4071,692
4072,691
4073,692
4074,693
4075,692
4076,691
4077,692
4078,693
4079,693
4080,694
4081,693
4082,694
4083,695
4084,694
4085,695
4086,694
4087,693
4088,694
4089,693
4090,694
4091,693
4092,692
4093,691
4094,691
4095,690
4096,691
4097,690
4098,691
4099,690
4100,691
4101,690
4102,690
4103,691
4104,690
4105,691
4106,691
4107,692
4108,693
4109,694
4110,695
4111,694
4112,693
4113,693
4114,694
4115,694
4116,694
4117,695
4118,695
4119,694
4120,695
4121,694
4122,695
4123,695
4124,694
4125,695
4126,694
4127,694
4128,695
4129,696
4130,696
4131,696
4132,695
4133,696
4134,695
4135,694
4136,693
4137,694
4138,695
4139,696
4140,697
4141,696
4142,695
4143,696
4144,697
4145,698
4146,697
4147,698
4148,699
4149,699
4150,700
4151,699
4152,700
4153,701
4154,700
4155,701
4156,702
4157,703
4158,704
4159,703
4160,703
4161,704
4162,704
4163,705
4164,706
4165,706
4166,707
4167,706
4168,707
4169,708
4170,707
4171,708
4172,709
4173,708
4174,707
4175,708
4176,709
4177,710
4178,711
4179,711
4180,711
4181,711
4182,710
4183,711
4184,710
4185,711
4186,712
4187,713
4188,714
4189,713
4190,714
4191,715
4192,715
4193,716
4194,717
4195,716
4196,717
4197,718
4198,719
4199,718
4200,717
4201,718
4202,717
4203,717
4204,718
4205,717
4206,718
4207,719
4208,719
4209,720
4210,719
4211,720
4212,721
4213,720
4214,721
4215,720
4216,719
4217,719
4218,720
4219,721
4220,722
4221,723
4222,724
4223,724
4224,725
4225,726
4226,727
4227,727
4228,726
4229,727
4230,728
4231,728
4232,729
4233,728
4234,729
4235,730
4236,731
4237,732
4238,731
4239,730
4240,729
4241,730
4242,731
4243,730
4244,729
4245,730
4246,731
4247,731
4248,732
4249,733
4250,733
4251,734
4252,734
4253,734
4254,735
4255,736
4256,737
4257,736
4258,737
4259,736
4260,737
4261,738
4262,737
4263,736
4264,737
4265,738
4266,739
4267,738
4268,739
4269,740
4270,741
4271,742
4272,743
4273,744
4274,745
4275,746
4276,747
4277,746
4278,747
4279,746
4280,747
4281,746
4282,747
4283,746
4284,747
4285,748
4286,747
4287,748
4288,748
4289,748
4290,749
4291,749
4292,750
4293,751
4294,752
4295,751
4296,750
4297,751
4298,750
4299,749
4300,748
4301,747
4302,748
4303,749
4304,750
4305,751
4306,752
4307,752
4308,751
4309,752
4310,751
4311,751
4312,750
4313,751
4314,751
4315,752
4316,753
4317,754
4318,753
4319,754
4320,755
4321,756
4322,755
4323,754
4324,755
4325,756
4326,757
4327,756
4328,757
4329,757
4330,758
4331,759
4332,758
4333,759
4334,760
4335,761
4336,761
4337,761
4338,761
4339,760
4340,761
4341,762
4342,763
4343,764
4344,763
4345,764
4346,765
4347,766
4348,767
4349,768
4350,769
4351,770
4352,771
4353,772
4354,771
4355,770
4356,771
4357,770
4358,770
4359,771
4360,772
4361,771
4362,772
4363,771
4364,772
4365,773
4366,774
4367,775
4368,775
4369,776
4370,777
4371,776
4372,775
4373,776
4374,777
4375,778
4376,777
4377,777
4378,776
4379,775
4380,776
4381,776
4382,775
4383,775
4384,776
4385,775
4386,774
4387,775
4388,776
4389,777
4390,778
4391,777
4392,778
4393,779
4394,780
4395,779
4396,780
4397,781
4398,782
4399,782
4400,783
4401,783
4402,782
4403,783
4404,782
4405,783
4406,784
4407,785
4408,786
4409,787
4410,786
4411,787
4412,787
4413,788
4414,789
4415,789
4416,790
4417,789
4418,788
4419,787
4420,788
4421,789
4422,790
4423,789
4424,788
4425,787
4426,788
4427,788
4428,789
4429,790
4430,790
4431,791
4432,790
4433,791
4434,790
4435,791
4436,792
4437,791
4438,792
4439,793
4440,794
4441,795
4442,794
4443,793
4444,794
4445,795
4446,796
4447,797
4448,796
4449,797
4450,798
4451,799
4452,800
4453,801
4454,802
4455,803
4456,804
4457,804
4458,803
4459,804
4460,805
4461,805
4462,804
4463,804
4464,805
4465,804
4466,803
4467,802
4468,801
4469,801
4470,801
4471,800
4472,801
4473,801
4474,800
4475,801
4476,800
4477,801
4478,801
4479,802
4480,803
4481,802
4482,803
4483,803
4484,804
4485,804
4486,805
4487,806
4488,807
4489,808
4490,809
4491,810
4492,809
4493,809
4494,808
4495,807
4496,808
4497,809
4498,808
4499,807
4500,806
4501,806
4502,805
4503,806
4504,805
4505,804
4506,805
4507,804
4508,804
4509,803
4510,804
4511,805
4512,806
4513,807
4514,806
4515,806
4516,807
4517,808
4518,809
4519,810
4520,809
4521,809
4522,810
4523,811
4524,812
4525,813
4526,812
4527,813
4528,812
4529,813
4530,814
4531,815
4532,816
4533,817
4534,817
4535,818
4536,819
4537,820
4538,821
4539,821
4540,821
4541,822
4542,821
4543,822
4544,822
4545,822
4546,823
4547,824
4548,825
4549,826
4550,825
4551,826
4552,825
4553,826
4554,825
4555,826
4556,827
4557,826
4558,827
4559,828
4560,829
4561,830
4562,831
4563,832
4564,833
4565,832
4566,833
4567,832
4568,833
4569,833
4570,834
4571,835
4572,835
4573,836
4574,837
4575,838
4576,839
4577,840
4578,841
4579,842
4580,843
4581,842
4582,843
4583,844
4584,845
4585,846
4586,847
4587,848
4588,847
4589,846
4590,847
4591,847
4592,848
4593,847
4594,848
4595,847
4596,846
4597,846
4598,845
4599,846
4600,847
4601,846
4602,847
4603,846
4604,847
4605,848
4606,849
4607,848
4608,849
4609,850
4610,851
4611,852
4612,851
4613,852
4614,851
4615,852
4616,853
4617,854
4618,854
4619,855
4620,854
4621,854
4622,855
4623,855
4624,856
4625,857
4626,858
4627,857
4628,856
4629,855
4630,854
4631,855
4632,855
4633,854
4634,855
4635,856
4636,857
4637,858
4638,859
4639,858
4640,858
4641,857
4642,856
4643,857
4644,858
4645,857
4646,856
4647,856
4648,857
4649,857
4650,858
4651,859
4652,860
4653,859
4654,858
4655,859
4656,858
4657,858
4658,857
4659,856
4660,855
4661,855
4662,855
4663,855
4664,856
4665,857
4666,857
4667,858
4668,859
4669,860
4670,859
4671,860
4672,861
4673,862
4674,863
4675,862
4676,861
4677,862
4678,863
4679,862
4680,863
4681,863
4682,864
4683,865
4684,864
4685,865
4686,866
4687,866
4688,866
4689,865
4690,866
4691,867
4692,866
4693,867
4694,868
4695,867
4696,866
4697,865
4698,864
4699,863
4700,864
4701,864
4702,863
4703,862
4704,863
4705,864
4706,865
4707,864
4708,865
4709,864
4710,864
4711,865
4712,866
4713,867
4714,866
4715,865
4716,864
4717,865
4718,866
4719,867
4720,868
4721,869
4722,870
4723,871
4724,871
4725,872
4726,872
4727,873
4728,874
4729,874
4730,875
4731,876
4732,877
4733,878
4734,879
4735,880
4736,881
4737,882
4738,883
4739,882
4740,883
4741,882
4742,882
4743,883
4744,884
4745,885
4746,886
4747,887
4748,888
4749,887
4750,888
4751,887
4752,887
4753,888
4754,888
4755,889
4756,888
4757,889
4758,888
4759,889
4760,890
4761,891
4762,892
4763,893
4764,892
4765,893
4766,894
4767,895
4768,894
4769,895
4770,896
4771,897
4772,896
4773,897
4774,896
4775,895
4776,894
4777,895
4778,894
4779,894
4780,895
4781,896
4782,897
4783,896
4784,897
4785,896
4786,896
4787,897
4788,898
4789,898
4790,899
4791,898
4792,899
4793,900
4794,901
4795,900
4796,899
4797,898
4798,899
4799,900
4800,901
4801,902
4802,901
4803,902
4804,903
4805,904
4806,905
4807,904
4808,904
4809,904
4810,905
4811,906
4812,905
4813,905
4814,906
4815,905
4816,906
4817,907
4818,908
4819,909
4820,910
4821,911
4822,911
4823,910
4824,910
4825,910
4826,911
4827,912
4828,912
4829,912
4830,913
4831,914
4832,915
4833,916
4834,917
4835,916
4836,915
4837,915
4838,916
4839,915
4840,916
4841,916
4842,917
4843,918
4844,919
4845,920
4846,919
4847,920
4848,920
4849,921
4850,920
4851,920
4852,919
4853,918
4854,917
4855,916
4856,916
4857,917
4858,916
4859,916
4860,915
4861,916
4862,916
4863,917
4864,916
4865,917
4866,918
4867,917
4868,916
4869,917
4870,918
4871,919
4872,920
4873,919
4874,919
4875,920
4876,921
4877,922
4878,921
4879,922
4880,921
4881,920
4882,921
4883,922
4884,921
4885,920
4886,919
4887,920
4888,921
4889,922
4890,923
4891,922
4892,923
4893,922
4894,923
4895,922
4896,923
4897,924
4898,923
4899,922
4900,923
4901,922
4902,923
4903,923
4904,922
4905,923
4906,924
4907,925
4908,926
4909,927
4910,928
4911,928
4912,927
4913,928
4914,929
4915,930
4916,931
4917,931
4918,932
4919,931
4920,932
4921,931
4922,930
4923,929
4924,929
4925,930
4926,931
4927,930
4928,930
4929,929
4930,930
4931,931
4932,931
4933,932
4934,931
4935,932
4936,933
4937,934
4938,933
4939,933
4940,932
4941,933
4942,934
4943,935
4944,934
4945,935
4946,934
4947,935
4948,934
4949,935
4950,936
4951,937
4952,938
4953,939
4954,940
4955,941
4956,942
4957,943
4958,944
4959,945
4960,946
4961,945
4962,946
4963,945
4964,944
4965,945
4966,946
4967,947
4968,946
4969,946
4970,947
4971,948
4972,949
4973,948
4974,949
4975,950
4976,951
4977,952
4978,953
4979,952
4980,953
4981,952
4982,951
4983,951
4984,951
4985,952
4986,952
4987,953
4988,952
4989,951
4990,952
4991,953
4992,954
4993,955
4994,954
4995,955
4996,956
4997,955
4998,955
4999,956
5000,957
5001,958
5002,959
5003,960
5004,960
5005,961
5006,962
5007,962
5008,963
5009,964
5010,965
5011,966
5012,966
5013,966
5014,967
5015,967
5016,968
5017,967
5018,968
5019,969
5020,970
5021,971
5022,970
5023,971
5024,972
5025,973
5026,974
5027,975
5028,974
5029,975
5030,974
5031,975
5032,975
5033,976
5034,975
5035,974
5036,975
5037,976
5038,977
5039,978
5040,979
5041,978
5042,977
5043,978
5044,979
5045,980
5046,981
5047,980
5048,981
5049,980
5050,981
5051,982
5052,981
5053,982
5054,983
5055,982
5056,983
5057,984
5058,985
5059,985
5060,984
5061,985
5062,984
5063,985
5064,984
5065,983
5066,982
5067,983
5068,984
5069,985
5070,984
5071,985
5072,986
5073,985
5074,986
5075,985
5076,986
5077,987
5078,986
5079,987
5080,988
5081,988
5082,987
5083,988
5084,988
5085,988
5086,989
5087,990
5088,990
5089,989
5090,989
5091,988
5092,989
5093,988
5094,989
5095,988
5096,987
5097,988
5098,989
5099,989
5100,990
5101,990
5102,991
5103,990
5104,991
5105,990
5106,991
5107,990
5108,991
5109,990
5110,991
5111,990
5112,991
5113,992
5114,991
5115,991
5116,992
5117,991
5118,990
5119,991
5120,992
5121,993
5122,992
5123,993
5124,994
5125,995
5126,996
5127,995
5128,996
5129,997
5130,997
5131,998
5132,998
5133,997
5134,998
5135,999
5136,998
5137,997
5138,996
5139,997
5140,998
5141,999
5142,999
5143,1000
5144,999
5145,1000
5146,1000
5147,1001
5148,1002
5149,1003
5150,1004
5151,1005
5152,1004
5153,1005
5154,1006
5155,1007
5156,1008
5157,1009
5158,1008
5159,1009
5160,1010
5161,1011
5162,1012
5163,1011
5164,1012
5165,1013
5166,1014
5167,1015
5168,1016
5169,1017
5170,1017
5171,1016
5172,1017
5173,1018
5174,1017
5175,1018
5176,1017
5177,1018
5178,1019
5179,1020
5180,1021
5181,1022
5182,1021
5183,1022
5184,1023
5185,1024
5186,1025
5187,1024
5188,1025
5189,1025
5190,1026
5191,1027
5192,1027
5193,1028
5194,1028
5195,1029
5196,1029
5197,1030
5198,1029
5199,1030
5200,1031
5201,1032
5202,1032
5203,1032
5204,1031
5205,1032
5206,1033
5207,1034
5208,1034
5209,1035
5210,1036
5211,1037
5212,1037
5213,1038
5214,1038
5215,1039
5216,1038
5217,1039
5218,1038
5219,1039
5220,1040
5221,1041
5222,1042
5223,1041
5224,1040
5225,1041
5226,1042
5227,1043
5228,1042
5229,1041
5230,1042
5231,1043
5232,1044
5233,1045
5234,1046
5235,1047
5236,1047
5237,1047
5238,1048
5239,1047
5240,1048
5241,1049
5242,1048
5243,1049
5244,1049
5245,1050
5246,1049
5247,1050
5248,1051
5249,1052
5250,1053
5251,1054
5252,1055
5253,1055
5254,1056
5255,1057
5256,1058
5257,1059
5258,1060
5259,1059
5260,1060
5261,1061
5262,1062
5263,1063
5264,1062
5265,1063
5266,1063
5267,1063
5268,1064
5269,1063
5270,1062
5271,1063
5272,1062
5273,1063
5274,1064
5275,1065
5276,1065
5277,1065
5278,1066
5279,1067
5280,1066
5281,1065
5282,1066
5283,1067
5284,1068
5285,1068
5286,1067
5287,1068
5288,1069
5289,1069
5290,1070
5291,1071
5292,1070
5293,1069
5294,1069
5295,1068
5296,1069
5297,1070
5298,1069
5299,1068
5300,1069
5301,1069
5302,1070
5303,1071
5304,1070
5305,1069
5306,1070
5307,1071
5308,1071
5309,1072
5310,1073
5311,1074
5312,1075
5313,1076
5314,1077
5315,1077
5316,1078
5317,1079
5318,1080
5319,1079
5320,1080
5321,1081
5322,1080
5323,1080
5324,1080
5325,1081
5326,1082
5327,1083
5328,1084
5329,1085
5330,1086
5331,1087
5332,1088
5333,1089
5334,1090
5335,1091
5336,1092
5337,1091
5338,1091
5339,1092
5340,1093
5341,1092
5342,1093
5343,1094
5344,1095
5345,1095
5346,1094
5347,1093
5348,1094
5349,1094
5350,1094
5351,1095
5352,1096
5353,1097
5354,1096
5355,1097
5356,1096
5357,1097
5358,1096
5359,1097
5360,1096
5361,1095
5362,1096
5363,1096
5364,1097
5365,1098
5366,1099
5367,1100
5368,1101
5369,1102
5370,1101
5371,1102
5372,1101
5373,1102
5374,1103
5375,1102
5376,1103
5377,1104
5378,1105
5379,1106
5380,1106
5381,1107
5382,1106
5383,1107
5384,1106
5385,1107
5386,1108
5387,1109
5388,1110
5389,1111
5390,1111
5391,1112
5392,1113
5393,1114
5394,1115
5395,1116
5396,1117
5397,1116
5398,1115
5399,1116
5400,1115
5401,1116
5402,1117
5403,1116
5404,1117
5405,1118
5406,1119
5407,1120
5408,1120
5409,1121
5410,1122
5411,1121
5412,1122
5413,1123
5414,1124
5415,1125
5416,1126
5417,1125
5418,1125
5419,1126
5420,1127
5421,1128
5422,1127
5423,1127
5424,1128
5425,1129
5426,1130
5427,1131
5428,1131
5429,1132
5430,1131
5431,1130
5432,1129
5433,1130
5434,1130
5435,1131
5436,1131
5437,1130
5438,1131
5439,1132
5440,1133
5441,1133
5442,1134
5443,1133
5444,1132
5445,1132
5446,1133
5447,1134
5448,1135
5449,1134
5450,1135
5451,1134
5452,1135
5453,1136
5454,1135
5455,1136
5456,1137
5457,1138
5458,1139
5459,1140
5460,1141
5461,1140
5462,1139
5463,1138
5464,1139
5465,1140
5466,1141
5467,1142
5468,1143
5469,1144
5470,1145
5471,1146
5472,1145
5473,1146
5474,1147
5475,1148
5476,1149
5477,1149
5478,1150
5479,1149
5480,1149
5481,1150
5482,1149
5483,1148
5484,1149
5485,1150
5486,1149
5487,1148
5488,1149
5489,1148
5490,1149
5491,1149
5492,1149
5493,1150
5494,1151
5495,1150
5496,1150
5497,1149
5498,1148
5499,1149
5500,1150
5501,1151
5502,1151
5503,1151
5504,1150
5505,1151
5506,1151
5507,1151
5508,1152
5509,1153
5510,1152
5511,1152
5512,1152
5513,1153
5514,1154
5515,1155
5516,1156
5517,1155
5518,1154
5519,1155
5520,1154
5521,1154
5522,1155
5523,1156
5524,1156
5525,1155
5526,1156
5527,1155
5528,1155
5529,1156
5530,1156
5531,1157
5532,1157
5533,1158
5534,1159
5535,1160
5536,1161
5537,1162
5538,1161
5539,1162
5540,1163
5541,1164
5542,1165
5543,1164
5544,1165
5545,1166
5546,1167
5547,1166
5548,1167
5549,1168
5550,1169
5551,1168
5552,1169
5553,1170
5554,1170
5555,1170
5556,1171
5557,1172
5558,1171
5559,1172
5560,1171
5561,1172
5562,1171
5563,1172
5564,1173
5565,1174
5566,1175
5567,1176
5568,1177
5569,1178
5570,1179
5571,1180
5572,1180
5573,1179
5574,1180
5575,1181
5576,1182
5577,1182
5578,1182
5579,1183
5580,1183
5581,1184
5582,1184
5583,1184
5584,1185
5585,1184
5586,1185
5587,1186
5588,1185
5589,1185
5590,1186
5591,1187
5592,1188
5593,1189
5594,1190
5595,1191
5596,1190
5597,1189
5598,1190
5599,1191
5600,1192
5601,1193
5602,1194
5603,1194
5604,1193
5605,1193
5606,1194
5607,1194
5608,1195
5609,1196
5610,1195
5611,1194
5612,1195
5613,1196
5614,1197
5615,1198
5616,1199
5617,1200
5618,1201
5619,1200
5620,1201
5621,1202
5622,1202
5623,1201
5624,1202
5625,1202
5626,1201
5627,1202
5628,1203
5629,1203
5630,1204
5631,1205
5632,1205
5633,1206
5634,1207
5635,1208
5636,1209
5637,1208
5638,1207
5639,1208
5640,1209
5641,1210
5642,1211
5643,1212
5644,1213
5645,1212
5646,1213
5647,1212
5648,1213
5649,1213
5650,1214
5651,1215
5652,1216
5653,1217
5654,1216
5655,1217
5656,1217
5657,1218
5658,1219
5659,1218
5660,1219
5661,1220
5662,1221
5663,1220
5664,1219
5665,1219
5666,1218
5667,1219
5668,1220
5669,1221
5670,1221
5671,1220
5672,1219
5673,1220
5674,1220
5675,1221
5676,1222
5677,1223
5678,1224
5679,1225
5680,1225
5681,1226
5682,1227
5683,1227
5684,1228
5685,1227
5686,1228
5687,1228
5688,1229
5689,1230
5690,1229
5691,1229
5692,1230
5693,1229
5694,1229
5695,1229
5696,1228
5697,1227
5698,1226
5699,1225
5700,1224
5701,1223
5702,1224
5703,1225
5704,1225
5705,1226
5706,1227
5707,1226
5708,1227
5709,1228
5710,1229
5711,1228
5712,1229
5713,1229
5714,1230
5715,1231
5716,1232
5717,1233
5718,1232
5719,1231
5720,1231
5721,1232
5722,1233
5723,1234
5724,1233
5725,1234
5726,1235
5727,1236
5728,1237
5729,1238
5730,1239
5731,1239
5732,1240
5733,1241
5734,1242
5735,1241
5736,1242
5737,1241
5738,1242
5739,1243
5740,1242
5741,1243
5742,1242
5743,1243
5744,1244
5745,1245
5746,1246
5747,1247
5748,1248
5749,1247
5750,1246
5751,1247
5752,1246
5753,1247
5754,1248
5755,1247
5756,1248
5757,1249
5758,1250
5759,1251
5760,1252
5761,1253
5762,1252
5763,1253
5764,1253
5765,1254
5766,1255
5767,1255
5768,1256
5769,1257
5770,1258
5771,1257
5772,1258
5773,1259
5774,1260
5775,1261
5776,1262
5777,1263
5778,1263
5779,1264
5780,1265
5781,1266
5782,1265
5783,1264
5784,1263
5785,1264
5786,1265
5787,1266
5788,1267
5789,1266
5790,1265
5791,1265
5792,1264
5793,1265
5794,1266
5795,1267
5796,1268
5797,1268
5798,1269
5799,1270
5800,1269
5801,1270
5802,1271
5803,1272
5804,1273
5805,1274
5806,1275
5807,1276
5808,1277
5809,1278
5810,1279
5811,1278
5812,1278
5813,1279
5814,1280
5815,1279
5816,1280
5817,1281
5818,1282
5819,1282
5820,1283
5821,1284
5822,1285
5823,1284
5824,1283
5825,1284
5826,1285
5827,1286
5828,1287
5829,1288
5830,1287
5831,1288
5832,1287
5833,1288
5834,1287
5835,1287
5836,1286
5837,1287
5838,1287
5839,1286
5840,1287
5841,1288
5842,1289
5843,1288
5844,1289
5845,1290
5846,1291
5847,1291
5848,1292
5849,1293
5850,1293
5851,1293
5852,1294
5853,1294
5854,1295
5855,1296
5856,1297
5857,1298
5858,1297
5859,1298
5860,1299
5861,1298
5862,1297
5863,1298
5864,1299
5865,1300
5866,1299
5867,1299
5868,1298
5869,1297
5870,1297
5871,1296
5872,1297
5873,1298
5874,1299
5875,1298
5876,1299
5877,1300
5878,1301
5879,1301
5880,1300
5881,1299
5882,1298
5883,1299
5884,1298
5885,1299
5886,1298
5887,1297
5888,1296
5889,1297
5890,1298
5891,1297
5892,1298
5893,1299
5894,1299
5895,1300
5896,1301
5897,1300
5898,1301
5899,1302
5900,1303
5901,1304
5902,1305
5903,1305
5904,1304
5905,1304
5906,1304
5907,1305
5908,1304
5909,1305
5910,1306
5911,1306
5912,1307
5913,1307
5914,1308
5915,1309
5916,1310
5917,1311
5918,1312
5919,1312
5920,1311
5921,1312
5922,1313
5923,1312
5924,1313
5925,1314
5926,1315
5927,1314
5928,1315
5929,1316
5930,1315
5931,1316
5932,1317
5933,1317
5934,1316
5935,1315
5936,1314
5937,1315
5938,1316
5939,1315
5940,1316
5941,1317
5942,1318
5943,1319
5944,1320
5945,1321
5946,1322
5947,1322
5948,1323
5949,1322
5950,1323
5951,1323
5952,1324
5953,1325
5954,1326
5955,1327
5956,1326
5957,1327
5958,1326
5959,1325
5960,1326
5961,1327
5962,1326
5963,1327
5964,1328
5965,1329
5966,1330
5967,1331
5968,1330
5969,1331
5970,1332
5971,1333
5972,1334
5973,1335
5974,1336
5975,1337
5976,1336
5977,1335
5978,1336
5979,1336
5980,1337
5981,1338
5982,1337
5983,1338
5984,1337
5985,1338
5986,1338
5987,1339
5988,1340
5989,1341
5990,1342
5991,1343
5992,1342
5993,1343
5994,1344
5995,1345
5996,1346
5997,1347
5998,1348
5999,1349
6000,1350
6001,1351
6002,1352
6003,1352
6004,1353
6005,1354
6006,1355
6007,1354
6008,1353
6009,1354
6010,1354
6011,1355
6012,1356
6013,1355
6014,1354
6015,1354
6016,1355
6017,1356
6018,1357
6019,1358
6020,1357
6021,1358
6022,1359
6023,1360
6024,1359
6025,1358
6026,1359
6027,1358
6028,1359
6029,1358
6030,1359
6031,1358
6032,1357
6033,1358
6034,1359
6035,1360
6036,1361
6037,1362
6038,1363
6039,1364
6040,1365
6041,1364
6042,1365
6043,1366
6044,1367
6045,1366
6046,1367
6047,1366
6048,1366
6049,1367
6050,1368
6051,1369
6052,1368
6053,1367
6054,1368
6055,1369
6056,1370
6057,1371
6058,1370
6059,1371
6060,1370
6061,1371
6062,1372
6063,1373
6064,1374
6065,1375
6066,1376
6067,1377
6068,1378
6069,1379
6070,1379
6071,1380
6072,1381
6073,1382
6074,1381
6075,1382
6076,1383
6077,1384
6078,1384
6079,1383
6080,1383
6081,1384
6082,1385
6083,1386
6084,1387
6085,1388
6086,1389
6087,1390
6088,1391
6089,1390
6090,1391
6091,1392
6092,1393
6093,1394
6094,1395
6095,1394
6096,1393
6097,1394
6098,1394
6099,1395
6100,1396
6101,1396
6102,1396
6103,1397
6104,1398
6105,1399
6106,1400
6107,1401
6108,1402
6109,1403
6110,1402
6111,1403
6112,1403
6113,1404
6114,1403
6115,1404
6116,1405
6117,1406
6118,1407
6119,1408
6120,1409
6121,1410
6122,1411
6123,1412
6124,1413
6125,1412
6126,1413
6127,1414
6128,1413
6129,1412
6130,1413
6131,1414
6132,1414
6133,1414
6134,1415
6135,1416
6136,1417
6137,1418
6138,1419
6139,1420
6140,1419
6141,1418
6142,1419
6143,1418
6144,1419
6145,1420
6146,1421
6147,1422
6148,1423
6149,1424
6150,1425
6151,1424
6152,1423
6153,1424
6154,1425
6155,1426
6156,1427
6157,1426
6158,1425
6159,1426
6160,1427
6161,1426
6162,1427
6163,1426
6164,1427
6165,1427
6166,1427
6167,1426
6168,1427
6169,1428
6170,1427
6171,1426
6172,1425
6173,1426
6174,1427
6175,1428
6176,1429
6177,1430
6178,1431
6179,1430
6180,1431
6181,1431
6182,1431
6183,1431
6184,1430
6185,1431
6186,1430
6187,1429
6188,1428
6189,1427
6190,1428
6191,1429
6192,1428
6193,1429
6194,1430
6195,1431
6196,1432
6197,1433
6198,1434
6199,1434
6200,1435
6201,1436
6202,1435
6203,1434
6204,1433
6205,1432
6206,1431
6207,1432
6208,1433
6209,1434
6210,1433
6211,1434
6212,1435
6213,1436
6214,1437
6215,1436
6216,1437
6217,1438
6218,1438
6219,1439
6220,1440
6221,1439
6222,1438
6223,1437
6224,1438
6225,1439
6226,1438
6227,1439
6228,1438
6229,1439
6230,1440
6231,1441
6232,1442
6233,1442
6234,1441
6235,1440
6236,1439
6237,1440
6238,1441
6239,1442
6240,1443
6241,1444
6242,1443
6243,1442
6244,1443
6245,1444
6246,1445
6247,1444
6248,1445
6249,1446
6250,1447
6251,1448
6252,1447
6253,1446
6254,1447
6255,1448
6256,1449
6257,1450
6258,1450
6259,1451
6260,1450
6261,1451
6262,1450
6263,1451
6264,1452
6265,1451
6266,1452
6267,1453
6268,1454
6269,1455
6270,1454
6271,1454
6272,1453
6273,1452
6274,1451
6275,1452
6276,1452
6277,1453
6278,1454
6279,1455
6280,1455
6281,1454
6282,1455
6283,1456
6284,1457
6285,1458
6286,1459
6287,1460
6288,1461
6289,1460
6290,1461
6291,1462
6292,1461
6293,1462
6294,1461
6295,1460
6296,1461
6297,1462
6298,1463
6299,1464
6300,1465
6301,1466
6302,1467
6303,1467
6304,1468
6305,1467
6306,1466
6307,1467
6308,1468
6309,1468
6310,1469
6311,1468
6312,1469
6313,1470
6314,1471
6315,1472
6316,1472
6317,1471
6318,1472
6319,1473
6320,1474
6321,1474
6322,1475
6323,1475
6324,1474
6325,1473
6326,1472
6327,1471
6328,1472
6329,1473
6330,1472
6331,1473
6332,1473
6333,1474
6334,1475
6335,1475
6336,1476
6337,1475
6338,1475
6339,1476
6340,1477
6341,1478
6342,1477
6343,1476
6344,1477
6345,1478
6346,1479
6347,1478
6348,1479
6349,1480
6350,1481
6351,1482
6352,1482
6353,1483
6354,1484
6355,1485
6356,1486
6357,1487
6358,1488
6359,1489
6360,1490
6361,1490
6362,1491
6363,1492
6364,1493
6365,1494
6366,1495
6367,1494
6368,1495
6369,1496
6370,1497
6371,1498
6372,1497
6373,1498
6374,1499
6375,1499
6376,1499
6377,1500
6378,1499
6379,1500
6380,1500
6381,1499
6382,1500
6383,1500
6384,1499
6385,1500
6386,1501
6387,1502
6388,1503
6389,1503
6390,1503
6391,1504
6392,1505
6393,1506
6394,1507
6395,1508
6396,1509
6397,1510
6398,1510
6399,1509
6400,1510
6401,1511
6402,1512
6403,1512
6404,1511
6405,1512
6406,1513
6407,1514
6408,1515
6409,1514
6410,1513
6411,1512
6412,1511
6413,1512
6414,1513
6415,1512
6416,1513
6417,1512
6418,1512
6419,1513
6420,1514
6421,1515
6422,1516
6423,1517
6424,1516
6425,1517
6426,1516
6427,1517
6428,1516
6429,1517
6430,1518
6431,1517
6432,1516
6433,1515
6434,1516
6435,1517
6436,1518
6437,1519
6438,1520
6439,1521
6440,1522
6441,1523
6442,1524
6443,1523
6444,1524
6445,1525
6446,1524
6447,1523
6448,1524
6449,1525
6450,1526
6451,1527
6452,1528
6453,1527
6454,1528
6455,1527
6456,1527
6457,1527
6458,1528
6459,1528
6460,1527
6461,1528
6462,1527
6463,1528
6464,1529
6465,1528
6466,1529
6467,1530
6468,1531
6469,1532
6470,1533
6471,1534
6472,1535
6473,1535
6474,1534
6475,1535
6476,1536
6477,1537
6478,1538
6479,1539
6480,1539
6481,1540
6482,1541
6483,1542
6484,1543
6485,1542
6486,1543
6487,1544
6488,1543
6489,1544
6490,1543
6491,1542
6492,1543
6493,1544
6494,1543
6495,1542
6496,1543
6497,1544
6498,1543
6499,1543
6500,1544
6501,1545
6502,1545
6503,1546
6504,1547
6505,1547
6506,1547
6507,1546
6508,1547
6509,1546
6510,1547
6511,1548
6512,1548
6513,1547
6514,1547
6515,1546
6516,1545
6517,1544
6518,1545
6519,1546
6520,1547
6521,1548
6522,1549
6523,1550
6524,1549
6525,1549
6526,1548
6527,1548
6528,1547
6529,1548
6530,1549
6531,1550
6532,1550
6533,1551
6534,1552
6535,1553
6536,1552
6537,1553
6538,1554
6539,1555
6540,1556
6541,1557
6542,1558
6543,1559
6544,1560
6545,1559
6546,1560
6547,1559
6548,1560
6549,1561
6550,1562
6551,1561
6552,1562
6553,1562
6554,1563
6555,1562
6556,1563
6557,1562
6558,1563
6559,1564
6560,1565
6561,1565
6562,1566
6563,1567
6564,1566
6565,1567
6566,1568
6567,1567
6568,1568
6569,1569
6570,1570
6571,1570
6572,1569
6573,1569
6574,1570
6575,1571
6576,1572
6577,1573
6578,1574
6579,1573
6580,1573
6581,1574
6582,1575
6583,1576
6584,1575
6585,1576
6586,1575
6587,1574
6588,1573
6589,1572
6590,1573
6591,1574
6592,1573
6593,1572
6594,1571
6595,1572
6596,1573
6597,1574
6598,1573
6599,1574
6600,1574
6601,1574
6602,1573
6603,1574
6604,1575
6605,1574
6606,1573
6607,1572
6608,1573
6609,1574
6610,1575
6611,1576
6612,1577
6613,1578
6614,1579
6615,1578
6616,1579
6617,1578
6618,1579
6619,1579
6620,1578
6621,1579
6622,1578
6623,1579
6624,1578
6625,1579
6626,1578
6627,1579
6628,1580
6629,1580
6630,1581
6631,1582
6632,1582
6633,1581
6634,1582
6635,1583
6636,1584
6637,1584
6638,1585
6639,1584
6640,1584
6641,1584
6642,1585
6643,1584
6644,1585
6645,1585
6646,1584
6647,1585
6648,1585
6649,1586
6650,1587
6651,1586
6652,1585
6653,1586
6654,1587
6655,1586
6656,1587
6657,1588
6658,1587
6659,1586
6660,1585
6661,1586
6662,1587
6663,1587
6664,1588
6665,1589
6666,1589
6667,1590
6668,1589
6669,1590
6670,1591
6671,1591
6672,1590
6673,1591
6674,1591
6675,1592
6676,1593
6677,1594
6678,1595
6679,1595
6680,1596
6681,1597
6682,1597
6683,1596
6684,1596
6685,1595
6686,1596
6687,1596
6688,1596
6689,1596
6690,1597
6691,1598
6692,1597
6693,1598
6694,1597
6695,1597
6696,1596
6697,1597
6698,1596
6699,1595
6700,1596
6701,1597
6702,1598
6703,1599
6704,1600
6705,1601
6706,1601
6707,1600
6708,1601
6709,1602
6710,1603
6711,1604
6712,1603
6713,1604
6714,1605
6715,1604
6716,1605
6717,1606
6718,1607
6719,1607
6720,1608
6721,1609
6722,1610
6723,1610
6724,1611
6725,1610
6726,1611
6727,1612
6728,1612
6729,1611
6730,1611
6731,1612
6732,1612
6733,1612
6734,1613
6735,1612
6736,1611
6737,1610
6738,1611
6739,1610
6740,1611
6741,1612
6742,1613
6743,1612
6744,1611
6745,1611
6746,1612
6747,1613
6748,1614
6749,1614
6750,1614
6751,1615
6752,1616
6753,1617
6754,1618
6755,1619
6756,1620
6757,1619
6758,1618
6759,1619
6760,1620
6761,1619
6762,1620
6763,1621
6764,1622
6765,1623
6766,1624
6767,1625
6768,1626
6769,1627
6770,1628
6771,1628
6772,1627
6773,1628
6774,1628
6775,1629
6776,1628
6777,1629
6778,1628
6779,1628
6780,1629
6781,1630
6782,1631
6783,1632
6784,1631
6785,1631
6786,1631
6787,1632
6788,1632
6789,1632
6790,1633
6791,1634
6792,1635
6793,1636
6794,1637
6795,1638
6796,1639
6797,1640
6798,1641
6799,1642
6800,1643
6801,1644
6802,1645
6803,1644
6804,1644
6805,1645
6806,1646
6807,1647
6808,1647
6809,1647
6810,1648
6811,1649
6812,1650
6813,1650
6814,1650
6815,1651
6816,1650
6817,1651
6818,1652
6819,1653
6820,1654
6821,1653
6822,1654
6823,1654
6824,1653
6825,1654
6826,1655
6827,1656
6828,1657
6829,1657
6830,1657
6831,1658
6832,1659
6833,1660
6834,1660
6835,1659
6836,1659
6837,1660
6838,1660
6839,1661
6840,1662
6841,1663
6842,1663
6843,1664
6844,1665
6845,1664
6846,1665
6847,1665
6848,1666
6849,1666
6850,1667
6851,1668
6852,1667
6853,1668
6854,1667
6855,1667
6856,1668
6857,1669
6858,1670
6859,1671
6860,1670
6861,1669
6862,1670
6863,1669
6864,1670
6865,1671
6866,1671
6867,1671
6868,1671
6869,1670
6870,1671
6871,1671
6872,1672
6873,1673
6874,1674
6875,1675
6876,1675
6877,1674
6878,1675
6879,1676
6880,1675
6881,1676
6882,1677
6883,1676
6884,1677
6885,1677
6886,1677
6887,1678
6888,1679
6889,1680
6890,1681
6891,1682
6892,1683
6893,1683
6894,1684
6895,1685
6896,1686
6897,1687
6898,1688
6899,1689
6900,1690
6901,1689
6902,1690
6903,1690
6904,1691
6905,1690
6906,1691
6907,1692
6908,1693
6909,1694
6910,1695
6911,1696
6912,1697
6913,1697
6914,1696
6915,1696
6916,1697
6917,1696
6918,1695
6919,1696
6920,1697
6921,1696
6922,1696
6923,1697
6924,1698
6925,1699
6926,1698
6927,1699
6928,1700
6929,1700
6930,1701
6931,1701
6932,1700
6933,1701
6934,1702
6935,1701
6936,1702
6937,1703
6938,1704
6939,1703
6940,1704
6941,1703
6942,1702
6943,1703
6944,1704
6945,1704
6946,1703
6947,1704
6948,1705
6949,1706
6950,1707
6951,1708
6952,1709
6953,1710
6954,1711
6955,1712
6956,1711
6957,1711
6958,1711
6959,1712
6960,1713
6961,1714
6962,1715
6963,1716
6964,1715
6965,1715
6966,1716
6967,1715
6968,1716
6969,1715
6970,1716
6971,1717
6972,1716
6973,1716
6974,1715
6975,1716
6976,1715
6977,1716
6978,1717
6979,1716
6980,1715
6981,1716
6982,1716
6983,1716
6984,1717
6985,1718
6986,1719
6987,1720
6988,1721
6989,1722
6990,1723
6991,1724
6992,1723
6993,1722
6994,1723
6995,1724
6996,1725
6997,1726
6998,1727
6999,1726
7000,1726
7001,1726
7002,1727
7003,1728
7004,1728
7005,1729
7006,1730
7007,1731
7008,1731
7009,1732
7010,1733
7011,1734
7012,1733
7013,1733
7014,1733
7015,1734
7016,1733
7017,1734
7018,1733
7019,1732
7020,1731
7021,1732
7022,1733
7023,1732
7024,1731
7025,1732
7026,1733
7027,1732
7028,1733
7029,1734
7030,1733
7031,1732
7032,1732
7033,1733
7034,1732
7035,1732
7036,1733
7037,1734
7038,1735
7039,1734
7040,1735
7041,1736
7042,1737
7043,1737
7044,1736
7045,1737
7046,1738
7047,1739
7048,1740
7049,1741
7050,1742
7051,1743
7052,1742
7053,1743
7054,1744
7055,1743
7056,1742
7057,1743
7058,1742
7059,1741
7060,1742
7061,1743
7062,1744
7063,1745
7064,1746
7065,1747
7066,1748
7067,1748
7068,1749
7069,1750
7070,1751
7071,1752
7072,1751
7073,1752
7074,1753
7075,1753
7076,1754
7077,1753
7078,1752
7079,1751
7080,1750
7081,1750
7082,1751
7083,1752
7084,1753
7085,1754
7086,1755
7087,1755
7088,1756
7089,1757
7090,1758
7091,1759
7092,1758
7093,1759
7094,1760
7095,1761
7096,1762
7097,1762
7098,1761
7099,1762
7100,1763
7101,1764
7102,1765
7103,1766
7104,1766
7105,1767
7106,1768
7107,1769
7108,1770
7109,1771
7110,1772
7111,1773
7112,1774
7113,1774
7114,1775
7115,1776
7116,1777
7117,1778
7118,1777
7119,1778
7120,1779
7121,1779
7122,1780
7123,1781
7124,1780
7125,1781
7126,1782
7127,1783
7128,1782
7129,1783
7130,1784
7131,1783
7132,1783
7133,1782
7134,1781
7135,1782
7136,1781
7137,1781
7138,1781
7139,1782
7140,1783
7141,1782
7142,1783
7143,1784
7144,1785
7145,1784
7146,1785
7147,1786
7148,1787
7149,1788
7150,1789
7151,1790
7152,1790
7153,1791
7154,1792
7155,1793
7156,1794
7157,1795
7158,1796
7159,1797
7160,1797
7161,1798
7162,1799
7163,1799
7164,1798
7165,1798
7166,1799
7167,1800
7168,1799
7169,1800
7170,1801
7171,1800
7172,1799
7173,1798
7174,1799
7175,1800
7176,1801
7177,1802
7178,1803
7179,1804
7180,1803
7181,1804
7182,1805
7183,1806
7184,1805
7185,1805
7186,1806
7187,1807
7188,1808
7189,1809
7190,1808
7191,1809
7192,1810
7193,1809
7194,1810
7195,1811
7196,1812
7197,1813
7198,1812
7199,1812
7200,1811
7201,1812
7202,1813
7203,1814
7204,1815
7205,1816
7206,1817
7207,1818
7208,1817
7209,1818
7210,1819
7211,1820
7212,1819
7213,1820
7214,1821
7215,1821
7216,1822
7217,1821
7218,1820
7219,1819
7220,1820
7221,1821
7222,1822
7223,1823
7224,1822
7225,1821
7226,1821
7227,1822
7228,1823
7229,1823
7230,1824
7231,1825
7232,1826
7233,1826
7234,1827
7235,1826
7236,1825
7237,1826
7238,1827
7239,1826
7240,1827
7241,1828
7242,1827
7243,1826
7244,1827
7245,1827
7246,1826
7247,1825
7248,1826
7249,1825
7250,1826
7251,1825
7252,1826
7253,1827
7254,1827
7255,1827
7256,1826
7257,1825
7258,1826
7259,1827
7260,1828
7261,1827
7262,1828
7263,1828
7264,1829
7265,1830
7266,1831
7267,1832
7268,1833
7269,1832
7270,1833
7271,1834
7272,1835
7273,1835
7274,1835
7275,1836
7276,1837
7277,1836
7278,1835
7279,1836
7280,1835
7281,1836
7282,1835
7283,1834
7284,1833
7285,1833
7286,1834
7287,1835
7288,1836
7289,1835
7290,1836
7291,1837
7292,1838
7293,1837
7294,1838
7295,1839
7296,1840
7297,1841
7298,1842
7299,1843
7300,1844
7301,1845
7302,1846
7303,1847
7304,1846
7305,1847
7306,1847
7307,1848
7308,1849
7309,1850
7310,1849
7311,1849
7312,1850
7313,1851
7314,1852
7315,1853
7316,1854
7317,1853
7318,1854
7319,1853
7320,1852
7321,1852
7322,1853
7323,1852
7324,1853
7325,1854
7326,1853
7327,1854
7328,1855
7329,1856
7330,1857
7331,1858
7332,1859
7333,1860
7334,1861
7335,1862
7336,1862
7337,1863
7338,1864
7339,1865
7340,1866
7341,1867
7342,1866
7343,1865
7344,1866
7345,1866
7346,1867
7347,1868
7348,1869
7349,1870
7350,1871
7351,1870
7352,1870
7353,1871
7354,1872
7355,1873
7356,1874
7357,1875
7358,1876
7359,1877
7360,1877
7361,1876
7362,1875
7363,1876
7364,1877
7365,1878
7366,1877
7367,1878
7368,1879
7369,1878
7370,1879
7371,1880
7372,1881
7373,1882
7374,1883
7375,1882
7376,1881
7377,1881
7378,1882
7379,1883
7380,1883
7381,1884
7382,1883
7383,1884
7384,1885
7385,1886
7386,1887
7387,1888
7388,1887
7389,1888
7390,1889
7391,1890
7392,1891
7393,1890
7394,1889
7395,1890
7396,1890
7397,1891
7398,1892
7399,1891
7400,1892
7401,1893
7402,1894
7403,1895
7404,1896
7405,1897
7406,1896
7407,1897
7408,1896
7409,1897
7410,1898
7411,1898
7412,1899
7413,1900
7414,1901
7415,1902
7416,1903
7417,1904
7418,1905
7419,1906
7420,1907
7421,1908
7422,1907
7423,1906
7424,1907
7425,1908
7426,1909
7427,1910
7428,1911
7429,1912
7430,1913
7431,1914
7432,1915
7433,1916
7434,1917
7435,1918
7436,1919
7437,1920
7438,1919
7439,1918
7440,1918
7441,1918
7442,1919
7443,1919
7444,1920
7445,1921
7446,1922
7447,1923
7448,1924
7449,1925
7450,1926
7451,1927
7452,1926
7453,1927
7454,1928
7455,1928
7456,1929
7457,1930
7458,1929
7459,1930
7460,1929
7461,1930
7462,1931
7463,1931
7464,1930
7465,1931
7466,1931
7467,1932
7468,1931
7469,1930
7470,1930
7471,1931
7472,1932
7473,1933
7474,1934
7475,1935
7476,1935
7477,1934
7478,1933
7479,1934
7480,1935
7481,1936
7482,1935
7483,1936
7484,1935
7485,1936
7486,1937
7487,1936
7488,1937
7489,1938
7490,1939
7491,1939
7492,1940
7493,1941
7494,1940
7495,1941
7496,1942
7497,1943
7498,1944
7499,1945
7500,1945
7501,1946
7502,1946
7503,1947
7504,1946
7505,1947
7506,1948
7507,1948
7508,1948
7509,1949
7510,1950
7511,1951
7512,1950
7513,1951
7514,1952
7515,1952
7516,1953
7517,1954
7518,1953
7519,1952
7520,1951
7521,1951
7522,1950
7523,1949
7524,1950
7525,1951
7526,1952
7527,1953
7528,1954
7529,1954
7530,1955
7531,1955
7532,1956
7533,1956
7534,1957
7535,1958
7536,1959
7537,1960
7538,1961
7539,1960
7540,1959
7541,1958
7542,1959
7543,1958
7544,1959
7545,1960
7546,1961
7547,1961
7548,1961
7549,1962
7550,1963
7551,1964
7552,1965
7553,1966
7554,1967
7555,1967
7556,1968
7557,1969
7558,1970
7559,1969
7560,1968
7561,1969
7562,1970
7563,1971
7564,1972
7565,1972
7566,1973
7567,1972
7568,1973
7569,1974
7570,1974
7571,1974
7572,1974
7573,1973
7574,1974
7575,1975
7576,1976
7577,1975
7578,1976
7579,1977
7580,1978
7581,1979
7582,1979
7583,1979
7584,1980
7585,1981
7586,1981
7587,1982
7588,1983
7589,1984
7590,1985
7591,1986
7592,1987
7593,1988
7594,1989
7595,1990
7596,1989
7597,1990
7598,1991
7599,1992
7600,1993
7601,1994
7602,1995
7603,1996
7604,1997
7605,1998
7606,1999
7607,1998
7608,1999
7609,2000
7610,1999
7611,2000
7612,2001
7613,2002
7614,2003
7615,2004
7616,2005
7617,2006
7618,2007
7619,2008
7620,2007
7621,2006
7622,2007
7623,2006
7624,2007
7625,2007
7626,2007
7627,2008
7628,2009
7629,2010
7630,2009
7631,2010
7632,2011
7633,2012
7634,2012
7635,2011
7636,2011
7637,2011
7638,2012
7639,2012
7640,2012
7641,2011
7642,2012
7643,2013
7644,2012
7645,2013
7646,2014
7647,2015
7648,2014
7649,2015
7650,2016
7651,2017
7652,2018
7653,2017
7654,2018
7655,2019
7656,2019
7657,2020
7658,2021
7659,2020
7660,2021
7661,2022
7662,2023
7663,2024
7664,2025
7665,2026
7666,2027
7667,2027
7668,2027
7669,2028
7670,2029
7671,2030
7672,2031
7673,2032
7674,2033
7675,2034
7676,2035
7677,2035
7678,2036
7679,2035
7680,2036
7681,2037
7682,2038
7683,2039
7684,2040
7685,2041
7686,2042
7687,2042
7688,2042
7689,2041
7690,2042
7691,2043
7692,2042
7693,2041
7694,2042
7695,2041
7696,2042
7697,2041
7698,2041
7699,2040
7700,2041
7701,2042
7702,2043
7703,2044
7704,2045
7705,2046
7706,2047
7707,2048
7708,2048
7709,2047
7710,2047
7711,2048
7712,2047
7713,2048
7714,2049
7715,2050
7716,2051
7717,2052
7718,2053
7719,2054
7720,2054
7721,2055
7722,2054
7723,2055
7724,2056
7725,2057
7726,2056
7727,2057
7728,2058
7729,2058
7730,2059
7731,2060
7732,2061
7733,2062
7734,2063
7735,2064
7736,2063
7737,2064
7738,2065
7739,2065
7740,2066
7741,2067
7742,2068
7743,2069
7744,2070
7745,2071
7746,2071
7747,2072
7748,2073
7749,2074
7750,2075
7751,2076
7752,2077
7753,2078
7754,2077
7755,2078
7756,2079
7757,2080
7758,2081
7759,2082
7760,2082
7761,2083
7762,2082
7763,2083
7764,2084
7765,2085
7766,2086
7767,2085
7768,2084
7769,2085
7770,2086
7771,2087
7772,2088
7773,2089
7774,2088
7775,2089
7776,2088
7777,2089
7778,2090
7779,2091
7780,2092
7781,2093
7782,2094
7783,2095
7784,2094
7785,2095
7786,2096
7787,2097
7788,2098
7789,2099
7790,2098
7791,2099
7792,2099
7793,2100
7794,2099
7795,2100
7796,2101
7797,2101
7798,2101
7799,2102
7800,2103
7801,2102
7802,2103
7803,2104
7804,2105
7805,2106
7806,2107
7807,2108
7808,2109
7809,2110
7810,2111
7811,2110
7812,2110
7813,2111
7814,2112
7815,2113
7816,2114
7817,2115
7818,2116
7819,2117
7820,2118
7821,2119
7822,2119
7823,2120
7824,2121
7825,2122
7826,2122
7827,2123
7828,2124
7829,2125
7830,2126
7831,2127
7832,2128
7833,2129
7834,2128
7835,2129
7836,2130
7837,2130
7838,2131
7839,2132
7840,2131
7841,2132
7842,2133
7843,2134
7844,2135
7845,2136
7846,2135
7847,2136
7848,2137
7849,2137
7850,2136
7851,2136
7852,2137
7853,2138
7854,2137
7855,2138
7856,2139
7857,2138
7858,2139
7859,2138
7860,2139
7861,2140
7862,2140
7863,2141
7864,2140
7865,2141
7866,2142
7867,2143
7868,2144
7869,2143
7870,2144
7871,2145
7872,2146
7873,2146
7874,2147
7875,2148
7876,2147
7877,2146
7878,2147
7879,2147
7880,2148
7881,2147
7882,2147
7883,2148
7884,2149
7885,2148
7886,2149
7887,2149
7888,2150
7889,2149
7890,2149
7891,2150
7892,2149
7893,2150
7894,2151
7895,2152
7896,2151
7897,2152
7898,2151
7899,2152
7900,2153
7901,2154
7902,2155
7903,2156
7904,2155
7905,2156
7906,2157
7907,2156
7908,2157
7909,2156
7910,2155
7911,2156
7912,2157
7913,2158
7914,2159
7915,2160
7916,2161
7917,2162
7918,2163
7919,2162
7920,2163
7921,2164
7922,2165
7923,2165
7924,2166
7925,2165
7926,2164
7927,2165
7928,2166
7929,2165
7930,2166
7931,2167
7932,2168
7933,2169
7934,2168
7935,2169
7936,2170
7937,2169
7938,2168
7939,2169
7940,2170
7941,2170
7942,2171
7943,2170
7944,2171
7945,2170
7946,2171
7947,2170
7948,2170
7949,2171
7950,2171
7951,2172
7952,2171
7953,2172
7954,2172
7955,2173
7956,2174
7957,2173
7958,2174
7959,2175
7960,2174
7961,2175
7962,2176
7963,2177
7964,2176
7965,2175
7966,2176
7967,2177
7968,2176
7969,2177
7970,2178
7971,2177
7972,2178
7973,2177
7974,2178
7975,2177
7976,2178
7977,2179
7978,2180
7979,2179
7980,2178
7981,2179
7982,2180
7983,2181
7984,2182
7985,2183
7986,2183
7987,2184
7988,2185
7989,2185
7990,2185
7991,2184
7992,2185
7993,2186
7994,2187
7995,2188
7996,2189
7997,2189
7998,2190
7999,2190
8000,2191
8001,2190
8002,2191
8003,2192
8004,2193
8005,2193
8006,2192
8007,2193
8008,2194
8009,2195
8010,2195
8011,2196
8012,2195
8013,2194
8014,2195
8015,2196
8016,2196
8017,2197
8018,2198
8019,2197
8020,2198
8021,2199
8022,2200
8023,2201
8024,2200
8025,2201
8026,2202
8027,2203
8028,2204
8029,2205
8030,2206
8031,2207
8032,2208
8033,2209
8034,2210
8035,2210
8036,2211
8037,2210
8038,2210
8039,2211
8040,2212
8041,2213
8042,2214
8043,2215
8044,2215
8045,2216
8046,2217
8047,2218
8048,2219
8049,2220
8050,2221
8051,2222
8052,2223
8053,2224
8054,2225
8055,2226
8056,2227
8057,2228
8058,2229
8059,2230
8060,2231
8061,2232
8062,2233
8063,2233
8064,2234
8065,2235
8066,2236
8067,2235
8068,2234
8069,2235
8070,2236
8071,2237
8072,2237
8073,2237
8074,2238
8075,2238
8076,2239
8077,2239
8078,2239
8079,2240
8080,2241
8081,2242
8082,2243
8083,2244
8084,2245
8085,2246
8086,2247
8087,2248
8088,2249
8089,2250
8090,2250
8091,2249
8092,2250
8093,2251
8094,2250
8095,2251
8096,2252
8097,2252
8098,2252
8099,2251
8100,2250
8101,2249
8102,2250
8103,2249
8104,2250
8105,2251
8106,2250
8107,2251
8108,2252
8109,2253
8110,2254
8111,2254
8112,2255
8113,2256
8114,2255
8115,2256
8116,2256
8117,2257
8118,2258
8119,2259
8120,2260
8121,2261
8122,2262
8123,2263
8124,2262
8125,2263
8126,2264
8127,2265
8128,2265
8129,2264
8130,2263
8131,2264
8132,2265
8133,2266
8134,2267
8135,2268
8136,2269
8137,2270
8138,2269
8139,2268
8140,2267
8141,2268
8142,2267
8143,2268
8144,2269
8145,2269
8146,2270
8147,2269
8148,2268
8149,2269
8150,2270
8151,2271
8152,2272
8153,2273
8154,2274
8155,2275
8156,2274
8157,2275
8158,2274
8159,2275
8160,2276
8161,2277
8162,2276
8163,2276
8164,2277
8165,2278
8166,2279
8167,2280
8168,2281
8169,2282
8170,2283
8171,2284
8172,2284
8173,2283
8174,2284
8175,2284
8176,2283
8177,2282
8178,2281
8179,2282
8180,2283
8181,2282
8182,2283
8183,2282
8184,2283
8185,2284
8186,2283
8187,2283
8188,2284
8189,2283
8190,2283
8191,2284
8192,2284
8193,2285
8194,2286
8195,2287
8196,2288
8197,2289
8198,2288
8199,2289
8200,2290
8201,2291
8202,2292
8203,2292
8204,2291
8205,2290
8206,2289
8207,2290
8208,2291
8209,2292
8210,2293
8211,2292
8212,2291
8213,2292
8214,2291
8215,2292
8216,2291
8217,2292
8218,2293
8219,2292
8220,2293
8221,2293
8222,2292
8223,2291
8224,2292
8225,2291
8226,2290
8227,2291
8228,2290
8229,2291
8230,2292
8231,2293
8232,2294
8233,2294
8234,2295
8235,2296
8236,2297
8237,2296
8238,2297
8239,2298
8240,2297
8241,2298
8242,2297
8243,2298
8244,2299
8245,2300
8246,2301
8247,2302
8248,2303
8249,2304
8250,2305
8251,2305
8252,2306
8253,2307
8254,2308
8255,2309
8256,2308
8257,2309
8258,2310
8259,2311
8260,2312
8261,2311
8262,2312
8263,2311
8264,2312
8265,2312
8266,2313
8267,2314
8268,2315
8269,2314
8270,2315
8271,2314
8272,2313
8273,2312
8274,2313
8275,2314
8276,2315
8277,2316
8278,2315
8279,2316
8280,2317
8281,2318
8282,2319
8283,2318
8284,2319
8285,2320
8286,2321
8287,2321
8288,2322
8289,2321
8290,2322
8291,2323
8292,2324
8293,2323
8294,2324
8295,2325
8296,2326
8297,2327
8298,2328
8299,2329
8300,2330
8301,2331
8302,2331
8303,2332
8304,2332
8305,2333
8306,2334
8307,2335
8308,2336
8309,2335
8310,2336
8311,2336
8312,2337
8313,2337
8314,2338
8315,2338
8316,2339
8317,2340
8318,2339
8319,2340
8320,2341
8321,2342
8322,2341
8323,2342
8324,2343
8325,2344
8326,2345
8327,2344
8328,2344
8329,2345
8330,2346
8331,2347
8332,2348
8333,2349
8334,2349
8335,2350
8336,2351
8337,2352
8338,2353
8339,2353
8340,2354
8341,2353
8342,2354
8343,2353
8344,2354
8345,2355
8346,2356
8347,2357
8348,2358
8349,2358
8350,2359
8351,2358
8352,2357
8353,2358
8354,2359
8355,2360
8356,2360
8357,2359
8358,2360
8359,2361
8360,2362
8361,2363
8362,2364
8363,2365
8364,2364
8365,2365
8366,2366
8367,2365
8368,2366
8369,2367
8370,2367
8371,2368
8372,2369
8373,2368
8374,2369
8375,2370
8376,2370
8377,2371
8378,2371
8379,2372
8380,2373
8381,2374
8382,2375
8383,2374
8384,2375
8385,2376
8386,2377
8387,2378
8388,2378
8389,2379
8390,2380
8391,2380
8392,2381
8393,2382
8394,2381
8395,2382
8396,2382
8397,2383
8398,2383
8399,2383
8400,2384
8401,2385
8402,2386
8403,2387
8404,2387
8405,2388
8406,2388
8407,2389
8408,2390
8409,2390
8410,2391
8411,2392
8412,2391
8413,2392
8414,2393
8415,2394
8416,2393
8417,2394
8418,2394
8419,2395
8420,2394
8421,2393
8422,2393
8423,2393
8424,2394
8425,2395
8426,2396
8427,2397
8428,2398
8429,2399
8430,2400
8431,2401
8432,2401
8433,2402
8434,2401
8435,2402
8436,2402
8437,2403
8438,2404
8439,2405
8440,2404
8441,2405
8442,2406
8443,2407
8444,2408
8445,2409
8446,2410
8447,2411
8448,2412
8449,2413
8450,2413
8451,2414
8452,2415
8453,2416
8454,2417
8455,2418
8456,2419
8457,2420
8458,2421
8459,2422
8460,2423
8461,2424
8462,2425
8463,2425
8464,2424
8465,2423
8466,2424
8467,2425
8468,2426
8469,2427
8470,2428
8471,2429
8472,2430
8473,2431
8474,2432
8475,2433
8476,2434
8477,2435
8478,2434
8479,2433
8480,2434
8481,2435
8482,2435
8483,2434
8484,2434
8485,2435
8486,2436
8487,2437
8488,2438
8489,2437
8490,2438
8491,2439
8492,2440
8493,2439
8494,2440
8495,2441
8496,2440
8497,2439
8498,2440
8499,2441
8500,2442
8501,2443
8502,2444
8503,2444
8504,2444
8505,2444
8506,2443
8507,2444
8508,2445
8509,2446
8510,2445
8511,2444
8512,2443
8513,2444
8514,2445
8515,2445
8516,2446
8517,2445
8518,2446
8519,2445
8520,2446
8521,2447
8522,2448
8523,2449
8524,2449
8525,2450
8526,2451
8527,2452
8528,2453
8529,2454
8530,2455
8531,2456
8532,2457
8533,2457
8534,2458
8535,2459
8536,2460
8537,2461
8538,2462
8539,2463
8540,2464
8541,2463
8542,2464
8543,2465
8544,2466
8545,2465
8546,2465
8547,2466
8548,2467
8549,2468
8550,2467
8551,2468
8552,2467
8553,2468
8554,2469
8555,2470
8556,2471
8557,2472
8558,2473
8559,2474
8560,2475
8561,2476
8562,2477
8563,2478
8564,2479
8565,2480
8566,2481
8567,2482
8568,2481
8569,2482
8570,2483
8571,2484
8572,2485
8573,2485
8574,2486
8575,2487
8576,2486
8577,2487
8578,2486
8579,2487
8580,2488
8581,2489
8582,2490
8583,2491
8584,2492
8585,2491
8586,2492
8587,2493
8588,2492
8589,2491
8590,2492
8591,2491
8592,2492
8593,2493
8594,2494
8595,2495
8596,2496
8597,2497
8598,2498
8599,2499
8600,2499
8601,2500
8602,2500
8603,2499
8604,2499
8605,2500
8606,2501
8607,2502
8608,2503
8609,2504
8610,2505
8611,2506
8612,2506
8613,2505
8614,2506
8615,2507
8616,2508
8617,2509
8618,2509
8619,2510
8620,2511
8621,2510
8622,2509
8623,2510
8624,2511
8625,2512
8626,2511
8627,2512
8628,2511
8629,2512
8630,2513
8631,2512
8632,2513
8633,2514
8634,2513
8635,2513
8636,2512
8637,2513
8638,2512
8639,2513
8640,2514
8641,2515
8642,2516
8643,2517
8644,2518
8645,2519
8646,2520
8647,2521
8648,2520
8649,2521
8650,2522
8651,2523
8652,2524
8653,2525
8654,2524
8655,2524
8656,2525
8657,2526
8658,2526
8659,2526
8660,2526
8661,2527
8662,2528
8663,2529
8664,2529
8665,2528
8666,2527
8667,2527
8668,2528
8669,2529
8670,2530
8671,2531
8672,2530
8673,2529
8674,2530
8675,2531
8676,2530
8677,2531
8678,2531
8679,2532
8680,2533
8681,2534
8682,2535
8683,2535
8684,2536
8685,2536
8686,2536
8687,2537
8688,2538
8689,2539
8690,2540
8691,2541
8692,2542
8693,2541
8694,2542
8695,2543
8696,2544
8697,2545
8698,2546
8699,2546
8700,2547
8701,2546
8702,2547
8703,2548
8704,2547
8705,2548
8706,2547
8707,2548
8708,2549
8709,2550
8710,2551
8711,2552
8712,2553
8713,2554
8714,2555
8715,2556
8716,2555
8717,2556
8718,2556
8719,2555
8720,2554
8721,2554
8722,2555
8723,2556
8724,2557
8725,2558
8726,2557
8727,2556
8728,2557
8729,2556
8730,2557
8731,2556
8732,2557
8733,2558
8734,2559
8735,2560
8736,2559
8737,2560
8738,2561
8739,2562
8740,2561
8741,2562
8742,2563
8743,2564
8744,2565
8745,2565
8746,2566
8747,2567
8748,2568
8749,2568
8750,2569
8751,2568
8752,2569
8753,2570
8754,2571
8755,2572
8756,2573
8757,2574
8758,2573
8759,2572
8760,2571
8761,2572
8762,2573
8763,2574
8764,2575
8765,2576
8766,2577
8767,2578
8768,2579
8769,2580
8770,2581
8771,2582
8772,2583
8773,2583
8774,2584
8775,2585
8776,2585
8777,2586
8778,2587
8779,2588
8780,2588
8781,2589
8782,2589
8783,2590
8784,2591
8785,2592
8786,2593
8787,2594
8788,2595
8789,2596
8790,2597
8791,2598
8792,2599
8793,2599
8794,2600
8795,2600
8796,2599
8797,2600
8798,2601
8799,2602
8800,2603
8801,2604
8802,2605
8803,2606
8804,2607
8805,2608
8806,2607
8807,2608
8808,2607
8809,2608
8810,2609
8811,2610
8812,2611
8813,2612
8814,2613
8815,2612
8816,2613
8817,2614
8818,2614
8819,2615
8820,2616
8821,2615
8822,2616
8823,2617
8824,2618
8825,2619
8826,2620
8827,2621
8828,2622
8829,2623
8830,2624
8831,2625
8832,2626
8833,2627
8834,2628
8835,2629
8836,2629
8837,2628
8838,2629
8839,2630
8840,2629
8841,2630
8842,2630
8843,2629
8844,2630
8845,2631
8846,2632
8847,2631
8848,2631
8849,2631
8850,2630
8851,2631
8852,2632
8853,2631
8854,2632
8855,2633
8856,2632
8857,2633
8858,2634
8859,2633
8860,2634
8861,2635
8862,2636
8863,2637
8864,2636
8865,2637
8866,2638
8867,2639
8868,2638
8869,2639
8870,2640
8871,2641
8872,2642
8873,2643
8874,2644
8875,2645
8876,2646
8877,2647
8878,2648
8879,2647
8880,2648
8881,2649
8882,2650
8883,2651
8884,2652
8885,2653
8886,2652
8887,2652
8888,2653
8889,2652
8890,2653
8891,2652
8892,2652
8893,2653
8894,2654
8895,2655
8896,2654
8897,2653
8898,2654
8899,2655
8900,2656
8901,2657
8902,2656
8903,2657
8904,2658
8905,2657
8906,2658
8907,2659
8908,2658
8909,2658
8910,2657
8911,2658
8912,2659
8913,2660
8914,2661
8915,2660
8916,2661
8917,2660
8918,2659
8919,2660
8920,2661
8921,2662
8922,2663
8923,2664
8924,2663
8925,2663
8926,2662
8927,2663
8928,2664
8929,2663
8930,2662
8931,2661
8932,2661
8933,2662
8934,2661
8935,2662
8936,2661
8937,2662
8938,2663
8939,2664
8940,2663
8941,2662
8942,2662
8943,2663
8944,2664
8945,2665
8946,2666
8947,2667
8948,2667
8949,2668
8950,2669
8951,2670
8952,2671
8953,2672
8954,2672
8955,2672
8956,2671
8957,2672
8958,2672
8959,2671
8960,2672
8961,2673
8962,2674
8963,2675
8964,2675
8965,2675
8966,2674
8967,2675
8968,2675
8969,2676
8970,2677
8971,2678
8972,2679
8973,2678
8974,2679
8975,2680
8976,2681
8977,2682
8978,2683
8979,2682
8980,2681
8981,2682
8982,2683
8983,2684
8984,2685
8985,2686
8986,2686
8987,2687
8988,2688
8989,2689
8990,2690
8991,2691
8992,2692
8993,2693
8994,2694
8995,2694
8996,2695
8997,2696
8998,2697
8999,2698
9000,2699
9001,2700
9002,2700
9003,2701
9004,2702
9005,2701
9006,2702
9007,2701
9008,2702
9009,2701
9010,2702
9011,2702
9012,2703
9013,2704
9014,2705
9015,2705
9016,2706
9017,2705
9018,2704
9019,2705
9020,2704
9021,2705
9022,2706
9023,2707
9024,2708
9025,2709
9026,2710
9027,2711
9028,2711
9029,2711
9030,2712
9031,2713
9032,2714
9033,2715
9034,2716
9035,2717
9036,2718
9037,2719
9038,2720
9039,2721
9040,2722
9041,2723
9042,2724
9043,2725
9044,2726
9045,2727
9046,2728
9047,2729
9048,2730
9049,2731
9050,2732
9051,2731
9052,2732
9053,2732
9054,2733
9055,2734
9056,2734
9057,2733
9058,2734
9059,2735
9060,2736
9061,2737
9062,2736
9063,2737
9064,2738
9065,2739
9066,2739
9067,2740
9068,2741
9069,2742
9070,2743
9071,2744
9072,2745
9073,2744
9074,2744
9075,2744
9076,2744
9077,2745
9078,2744
9079,2745
9080,2746
9081,2747
9082,2748
9083,2749
9084,2750
9085,2749
9086,2750
9087,2751
9088,2752
9089,2753
9090,2754
9091,2755
9092,2756
9093,2757
9094,2758
9095,2759
9096,2760
9097,2761
9098,2761
9099,2762
9100,2763
9101,2762
9102,2763
9103,2764
9104,2763
9105,2764
9106,2765
9107,2766
9108,2767
9109,2766
9110,2766
9111,2766
9112,2767
9113,2768
9114,2767
9115,2767
9116,2768
9117,2769
9118,2770
9119,2771
9120,2772
9121,2773
9122,2772
9123,2773
9124,2774
9125,2775
9126,2775
9127,2775
9128,2776
9129,2775
9130,2776
9131,2775
9132,2776
9133,2777
9134,2778
9135,2779
9136,2779
9137,2778
9138,2778
9139,2779
9140,2778
9141,2779
9142,2780
9143,2780
9144,2781
9145,2782
9146,2783
9147,2784
9148,2784
9149,2785
9150,2786
9151,2787
9152,2786
9153,2785
9154,2786
9155,2786
9156,2787
9157,2788
9158,2788
9159,2789
9160,2788
9161,2787
9162,2788
9163,2789
9164,2790
9165,2789
9166,2790
9167,2790
9168,2790
9169,2790
9170,2791
9171,2792
9172,2792
9173,2793
9174,2794
9175,2795
9176,2796
9177,2797
9178,2798
9179,2799
9180,2800
9181,2800
9182,2801
9183,2802
9184,2803
9185,2804
9186,2804
9187,2805
9188,2806
9189,2807
9190,2808
9191,2809
9192,2810
9193,2811
9194,2811
9195,2812
9196,2813
9197,2812
9198,2813
9199,2814
9200,2815
9201,2814
9202,2814
9203,2815
9204,2816
9205,2816
9206,2815
9207,2816
9208,2817
9209,2816
9210,2817
9211,2818
9212,2817
9213,2818
9214,2818
9215,2819
9216,2820
9217,2819
9218,2820
9219,2821
9220,2822
9221,2823
9222,2823
9223,2824
9224,2825
9225,2826
9226,2827
9227,2826
9228,2827
9229,2828
9230,2829
9231,2830
9232,2831
9233,2830
9234,2831
9235,2832
9236,2833
9237,2833
9238,2834
9239,2835
9240,2834
9241,2835
9242,2834
9243,2833
9244,2832
9245,2832
9246,2833
9247,2834
9248,2835
9249,2835
9250,2836
9251,2837
9252,2838
9253,2839
9254,2838
9255,2839
9256,2840
9257,2841
9258,2841
9259,2842
9260,2842
9261,2843
9262,2844
9263,2845
9264,2846
9265,2847
9266,2847
9267,2848
9268,2849
9269,2850
9270,2851
9271,2852
9272,2853
9273,2854
9274,2855
9275,2854
9276,2855
9277,2856
9278,2857
9279,2858
9280,2859
9281,2860
9282,2859
9283,2860
9284,2859
9285,2860
9286,2861
9287,2862
9288,2861
9289,2862
9290,2862
9291,2863
9292,2864
9293,2865
9294,2866
9295,2867
9296,2866
9297,2867
9298,2868
9299,2868
9300,2867
9301,2868
9302,2869
9303,2870
9304,2870
9305,2871
9306,2871
9307,2872
9308,2873
9309,2874
9310,2875
9311,2875
9312,2874
9313,2875
9314,2874
9315,2875
9316,2875
9317,2874
9318,2875
9319,2875
9320,2876
9321,2877
9322,2878
9323,2879
9324,2880
9325,2881
9326,2882
9327,2883
9328,2884
9329,2883
9330,2884
9331,2885
9332,2885
9333,2886
9334,2885
9335,2886
9336,2886
9337,2887
9338,2888
9339,2889
9340,2890
9341,2890
9342,2891
9343,2892
9344,2893
9345,2894
9346,2894
9347,2895
9348,2896
9349,2895
9350,2896
9351,2897
9352,2896
9353,2897
9354,2898
9355,2898
9356,2897
9357,2898
9358,2899
9359,2900
9360,2901
9361,2902
9362,2903
9363,2903
9364,2903
9365,2904
9366,2905
9367,2906
9368,2907
9369,2906
9370,2907
9371,2908
9372,2909
9373,2908
9374,2909
9375,2910
9376,2911
9377,2912
9378,2911
9379,2912
9380,2912
9381,2913
9382,2913
9383,2914
9384,2915
9385,2916
9386,2917
9387,2918
9388,2917
9389,2918
9390,2919
9391,2920
9392,2920
9393,2921
9394,2920
9395,2921
9396,2920
9397,2921
9398,2922
9399,2923
9400,2924
9401,2925
9402,2925
9403,2926
9404,2927
9405,2927
9406,2927
9407,2928
9408,2928
9409,2927
9410,2928
9411,2927
9412,2928
9413,2929
9414,2930
9415,2930
9416,2931
9417,2930
9418,2931
9419,2932
9420,2931
9421,2932
9422,2931
9423,2930
9424,2931
9425,2932
9426,2933
9427,2934
9428,2933
9429,2934
9430,2934
9431,2933
9432,2934
9433,2935
9434,2934
9435,2933
9436,2934
9437,2935
9438,2936
9439,2937
9440,2938
9441,2938
9442,2937
9443,2938
9444,2937
9445,2936
9446,2937
9447,2938
9448,2939
9449,2940
9450,2941
9451,2942
9452,2943
9453,2944
9454,2945
9455,2946
9456,2947
9457,2947
9458,2948
9459,2947
9460,2948
9461,2949
9462,2950
9463,2951
9464,2951
9465,2952
9466,2951
9467,2950
9468,2949
9469,2948
9470,2948
9471,2949
9472,2949
9473,2949
9474,2950
9475,2951
9476,2952
9477,2952
9478,2953
9479,2954
9480,2955
9481,2956
9482,2957
9483,2956
9484,2956
9485,2957
9486,2956
9487,2957
9488,2958
9489,2958
9490,2957
9491,2956
9492,2957
9493,2958
9494,2959
9495,2960
9496,2960
9497,2959
9498,2960
9499,2961
9500,2962
9501,2961
9502,2962
9503,2963
9504,2964
9505,2965
9506,2964
9507,2965
9508,2964
9509,2965
9510,2966
9511,2967
9512,2966
9513,2965
9514,2966
9515,2966
9516,2967
9517,2968
9518,2969
9519,2970
9520,2971
9521,2972
9522,2973
9523,2974
9524,2975
9525,2976
9526,2977
9527,2978
9528,2979
9529,2980
9530,2980
9531,2981
9532,2982
9533,2981
9534,2982
9535,2983
9536,2984
9537,2985
9538,2986
9539,2987
9540,2986
9541,2987
9542,2988
9543,2989
9544,2990
9545,2991
9546,2992
9547,2991
9548,2991
9549,2992
9550,2991
9551,2992
9552,2993
9553,2994
9554,2995
9555,2996
9556,2997
9557,2996
9558,2997
9559,2998
9560,2999
9561,2998
9562,2999
9563,2998
9564,2997
9565,2998
9566,2999
9567,3000
9568,3001
9569,3002
9570,3001
9571,3002
9572,3001
9573,3000
9574,3001
9575,3001
9576,3002
9577,3003
9578,3004
9579,3003
9580,3004
9581,3005
9582,3006
9583,3007
9584,3007
9585,3007
9586,3008
9587,3009
9588,3010
9589,3011
9590,3012
9591,3012
9592,3012
9593,3012
9594,3012
9595,3013
9596,3014
9597,3014
9598,3014
9599,3013
9600,3014
9601,3014
9602,3015
9603,3016
9604,3017
9605,3016
9606,3015
9607,3016
9608,3016
9609,3017
9610,3016
9611,3017
9612,3016
9613,3017
9614,3018
9615,3019
9616,3020
9617,3021
9618,3022
9619,3021
9620,3021
9621,3022
9622,3021
9623,3022
9624,3023
9625,3024
9626,3024
9627,3025
9628,3026
9629,3027
9630,3026
9631,3027
9632,3028
9633,3029
9634,3030
9635,3029
9636,3028
9637,3029
9638,3029
9639,3028
9640,3029
9641,3030
9642,3031
9643,3032
9644,3033
9645,3032
9646,3033
9647,3034
9648,3035
9649,3036
9650,3037
9651,3038
9652,3037
9653,3038
9654,3039
9655,3038
9656,3039
9657,3040
9658,3041
9659,3042
9660,3041
9661,3042
9662,3041
9663,3040
9664,3039
9665,3038
9666,3039
9667,3040
9668,3041
9669,3042
9670,3042
9671,3043
9672,3043
9673,3044
9674,3044
9675,3045
9676,3044
9677,3045
9678,3046
9679,3045
9680,3044
9681,3045
9682,3046
9683,3045
9684,3046
9685,3047
9686,3046
9687,3047
9688,3048
9689,3049
9690,3050
9691,3050
9692,3050
9693,3050
9694,3051
9695,3052
9696,3051
9697,3052
9698,3053
9699,3054
9700,3053
9701,3054
9702,3055
9703,3055
9704,3056
9705,3057
9706,3058
9707,3059
9708,3059
9709,3060
9710,3060
9711,3060
9712,3059
9713,3058
9714,3059
9715,3059
9716,3060
9717,3061
9718,3062
9719,3061
9720,3062
9721,3063
9722,3064
9723,3065
9724,3066
9725,3067
9726,3068
9727,3069
9728,3068
9729,3068
9730,3069
9731,3070
9732,3069
9733,3069
9734,3069
9735,3068
9736,3069
9737,3070
9738,3070
9739,3071
9740,3070
9741,3071
9742,3072
9743,3072
9744,3073
9745,3074
9746,3073
9747,3074
9748,3074
9749,3074
9750,3075
9751,3076
9752,3077
9753,3078
9754,3079
9755,3079
9756,3080
9757,3081
9758,3081
9759,3081
9760,3082
9761,3083
9762,3084
9763,3083
9764,3084
9765,3085
9766,3086
9767,3085
9768,3084
9769,3085
9770,3086
9771,3087
9772,3088
9773,3087
9774,3088
9775,3089
9776,3090
9777,3091
9778,3092
9779,3092
9780,3093
9781,3094
9782,3095
9783,3096
9784,3097
9785,3096
9786,3097
9787,3098
9788,3097
9789,3098
9790,3099
9791,3098
9792,3099
9793,3099
9794,3100
9795,3101
9796,3102
9797,3103
9798,3102
9799,3101
9800,3102
9801,3103
9802,3104
9803,3105
9804,3106
9805,3107
9806,3108
9807,3107
9808,3107
9809,3108
9810,3108
9811,3109
9812,3108
9813,3107
9814,3106
9815,3107
9816,3108
9817,3109
9818,3110
9819,3109
9820,3110
9821,3109
9822,3110
9823,3110
9824,3109
9825,3110
9826,3111
9827,3112
9828,3113
9829,3114
9830,3113
9831,3112
9832,3113
9833,3114
9834,3115
9835,3116
9836,3115
9837,3115
9838,3114
9839,3115
9840,3116
9841,3117
9842,3118
9843,3119
9844,3120
9845,3119
9846,3118
9847,3119
9848,3118
9849,3119
9850,3118
9851,3118
9852,3119
9853,3120
9854,3121
9855,3121
9856,3122
9857,3123
9858,3122
9859,3123
9860,3124
9861,3123
9862,3123
9863,3124
9864,3123
9865,3124
9866,3123
9867,3124
9868,3125
9869,3126
9870,3127
9871,3127
9872,3126
9873,3126
9874,3127
9875,3128
9876,3129
9877,3130
9878,3131
9879,3132
9880,3131
9881,3132
9882,3133
9883,3134
9884,3135
9885,3136
9886,3136
9887,3136
9888,3137
9889,3138
9890,3139
9891,3140
9892,3141
9893,3142
9894,3143
9895,3144
9896,3145
9897,3146
9898,3147
9899,3148
9900,3149
9901,3150
9902,3149
9903,3150
9904,3151
9905,3150
9906,3150
9907,3151
9908,3151
9909,3152
9910,3151
9911,3152
9912,3153
9913,3154
9914,3155
9915,3156
9916,3157
9917,3158
9918,3157
9919,3158
9920,3158
9921,3159
9922,3158
9923,3159
9924,3158
9925,3159
9926,3160
9927,3161
9928,3162
9929,3163
9930,3164
9931,3165
9932,3165
9933,3166
9934,3167
9935,3167
9936,3168
9937,3167
9938,3168
9939,3169
9940,3169
9941,3169
9942,3170
9943,3171
9944,3172
9945,3173
9946,3174
9947,3173
9948,3174
9949,3175
9950,3174
9951,3175
9952,3176
9953,3175
9954,3176
9955,3175
9956,3175
9957,3176
9958,3177
9959,3178
9960,3179
9961,3179
9962,3178
9963,3177
9964,3178
9965,3179
9966,3180
9967,3181
9968,3182
9969,3181
9970,3182
9971,3183
9972,3182
9973,3183
9974,3182
9975,3183
9976,3184
9977,3185
9978,3186
9979,3187
9980,3187
9981,3188
9982,3188
9983,3189
9984,3190
9985,3191
9986,3192
9987,3193
9988,3192
9989,3191
9990,3192
9991,3192
9992,3192
9993,3193
9994,3194
9995,3193
9996,3194
9997,3193
9998,3194
9999,3195
10000,3195
